Komentar;Kelas
RT @Panembahan_alit: @tempodotco @Reiza_Patters Sayang masih PPKM, pengen keliling Ibu kota melihat2 wajah baru ibu kota sekarang kek apa';negatif
PPKM 5 bulan, bansos cma 600. Hebat sih negara ini. Iya kan pak @jokowi @aniesbaswedan';negatif
nih yang pada punya ruko pada pinter ya, nyewainnya harus tahunan takut kali ya klo ada ppkm lagi yang nyewa pada kabur';negatif
 AREAJULID efek ppkm diperpanjang terozzz';negatif
RT @CNNIndonesia: Lalu Lintas Penerbangan Belum Pulih Imbas PPKM https://t.co/iU4tNtq3l5';positif
 muslimahnewscom Jika dilakukan Lockdown, amanat UU menyatakan bahwa Pemerintah harus menanggung kebutuhan rakyat. Tapi kalo PPKM tidak ada.';negatif
karna gabut, sempet leave balik lagi karna ppkm akhirnya keterusan smpe skrg ini https://t.co/qCidMKrDlX';negatif
Pandemi Diluar Jawa-Bali Membaik, Airlangga : Lampung Sudah Memasuki PPKM Level 1 https://t.co/2QoY7andij';positif
makan apa gess?udah dibuka ppkm???pas waktunya pindah ke kost!me time dikamar sama halu pangeran!udah prokes bgt!n g mow ada pa pa!';negatif
 medinabliss @aan__ Kak gmnaa jd bisa gk bawa bayi pas ppkm?';positif
 liwoozi jiakkhhh menutup diri gegara ppkm ye xob;positif
 cheichaartic disana udah bisa dolan? gak ppkm lagi?';positif
Bahaya ppkm terlalu lama bisa bikin rakyat semakin miskin dan pejabat semakin kaya #BahayaLatenNeoPKI  #BahayaLatenNeoPKI';negatif
" chaewoi lama banget nunggu gak ppkm? &gt;:['";negatif
PPKM diperpanjang samapi Kamu anggap aku ada.';negatif
 ARXMKL iya kak lg ppkm';positif
 girlwhoodie tar tar tunggu ppkm selesai';positif
RT @GoNewsdotco: Pimpinan DPR ke Rakyat: Jangan Demo saat PPKM Level 4 dan Tak Boleh Kibarkan Bendera Putih https://t.co/SJL3WMAidf';negatif
UPZ Bank Sumut dan DD Waspada Salurkan Ribuan Karung Beras Bagi Warga Terdampak PPKM https://t.co/z6VdrzTwGZ https://t.co/UL10Rj2bYa';positif
 Irwan2yah Dan klu ga salah PCR/Antigennya harus di lab yang tdaftar di Kemenkes. Persyaratan ini apa masih berlaku jika sdh tdk PPKM?';positif
 YOURDAHLING Sementara idm/alfa aja bentar lagi kan ppkm slese, superindo jga buka,';positif
PPKM Diperpanjang, Anggota FPKS: Bantuan UMKM Harus Dilanjutkan! https://t.co/nXMnScY2Ez lewat @FPKSDPRRI';positif
 diahvinaa mungkin tutup karena lagi ppkm';negatif
Ppkm dilonggarin bocil3 mulai bergentayangan ya allah ni anak siapa main ga pake masker bergerombol death combo';negatif
pasti di zootopia skarang lg ppkm, gazelle gbisa konser fix, judy, nick pake masker, di zootopia ada satpol ga ya';negatif
 CttnDmkrs end game covid 19 di tanah air. Instrospeksi buat pemerintah. Ppkm berlanjut, tapi rakyat kelaparan nihil bantuan.';negatif
Karna ppkm membuat bengkelnya sepi, akhirnya dia berencana membuka tambal ban online';negatif
RT @jagadhj: PPKM level 76 masyarakat wajib ngrogo sukmo mengeluarkan rohnya saja jika ingin pergi ke luar rumah';negatif
FOTO: Kondisi Mal PGC di Masa Perpanjangan PPKM Level 4 https://t.co/GNXSQyrMQ1';positif
RT @Kimi58486332: Dugem buka saat PPKM , apakah akan di proses seperti HRS ? https://t.co/rpvIRY2XvC';negatif
RT @Riyansupyans: PPKM 6 minggu semua jalan ditutup, kecuali pintu taubat.';negatif
 subhanibonk @ArnoldPoernomo Balesin chef biar pada dapet berkah lagi ppkm lvl 4 begini';positif
PPKM boleh dine in maksimal 20 menit, soalnya kalo 5 menit lagi ah ah ah dia mau datang menjemputku.';positif
RT @detikcom: Aturan PPKM menyebutkan tempat makan diperbolehkan beroperasi dengan syarat makan di tempat hanya diijinkan selama 20 menit.\xe2\x80\xa6';positif
Orang yang punya gaji bingung kenapa orang pada kesel sama PPKM';negatif
asahi msi kejebak ppkm kali yk kok gak kliatan???';negatif
 Ieewoozc Ppkm nanti ditangkep sat/pol :)';negatif
"b""@songkangui lagii ppkm inii, pelan pelan kurang money :')""";negatif
ppkm membosankan';negatif
Hari ini hari kedua doi sekolah offline dirumah kepala sekolahnya, kondisi covid ppkm lvl 4 tp sekolah jalan teros';positif
Ppkm membuatku jadi raja mager';negatif
ppkm diperpanjang beli apaan lagi neeeeeh......... korg apa?';negatif
 mahasiswamlg Positif wkwkwkwk karna merasa jarang bgt keluar kalau tidak urgent selama ppkm wkwkwkwkwk';positif
 rezbangs @wrwrzzz beneran ada pasar malem tapi depan komplek aku padahal ppkm pea bgt kan';negatif
RT @dailyskripsi: itu skripsi apa ppkm dah lama bener kelarnya';negatif
RT @jagadhj: PPKM level 76 masyarakat wajib ngrogo sukmo mengeluarkan rohnya saja jika ingin pergi ke luar rumah';negatif
Kukira PPKM diperpanjang, ga akan ada undangan. Ternyata semakin banyak.';negatif
 geloraco Makin tak terkendali, PPKM level tak berarti';negatif
 sadtemberboys ppkm anjirt';negatif
 RachlanNashidik Terus apa gunanya ppkm';negatif
Hp ge ngikut ppkm jg kali ya, sepi amat';negatif
 riluris PPKM TOT! Mau nongkrong dimane si babi';negatif
Ppkm level 4,Abon cabe mpe level brpa emng?';negatif
Wishlist setelah PPKM: potong rambut dan cari kebaya.';positif
RT @Santi_nya: Ppkm diperpanjang, chatku diakhiri';negatif
 gataudhbingung kalo punya duit mah gampang ppkm kecil.. gitu ga si?';positif
 ayyaaa30 Huh ppkm';negatif
 FWBESS Nunggu ppkm endgame baru bs belanja2 nder';negatif
 jokowi Tapi perhatikan masyarakat pendatang jangan sampai kelaparan gara2 ppkm banyak yg kelaparan';negatif
 ssefnum Menurutmu, kegiatan yang enak pas ppkm gini apa?';positif
 Archeopteryx00 Wkwkwk ppkm';positif
Selama PPKM Darurat, tingkat penularan Covid-19 di Cianjur juga turun. https://t.co/nDao1ag4lp';positif
RT @jagadhj: enaknya PPKM diperpanjang gini pas malem ga perlu repot masukin motor soalnya motornya udah masuk pegadaian';negatif
 cttndmkrs Kami orang kampung kelaparan ....bansos ga merata PPKM semakin mempersulit';negatif
 salturday ayo anjr kita main, iya si masi ppkm:(';positif
"b""@calonnpapa Virtual can't relate,masih ppkm jugaaa :(((""";positif
Lagi dan lagi... Dapat panggilan tapi gak bisa ke Medan karna PPKM...  Hmmm gw katawa aja dehh dari pada puyengg';negatif
RT @prachyaprawat: kepanjangan ppkm versi peraya ( prachaya perawat kan menikah)';positif
 animefess_ Gue ngabisin Haikyuu 4 season, 3 hari juga pernah saking gabutnya ppkm';positif
RT @akutaurifky: PPKM level tertinggi merasa tidak pantas untuk siapa pun';negatif
ppkm nih diperpanjang sampe tgl 2 kau nekat sekali bikin acara digedung astaghfirullah';negatif
 jeramimemanggil bayar lapangan aja tar kalo ppkm dah level 0';positif
 detikcom Habis itu terbitlah aturan ppkm level 5-6';positif
RT @ceritatehfidy: Pusing juga ngurus acara yg sudah didepan mata tapi tiba2 berubah segalanya akibat ppkm. Hiks sedih';negatif
2jt bs apa ?? PPKm oh PPKm';positif
RT @seterahdeh: ppkm diperpanjang https://t.co/B3xn51dVFE';positif
guru aneh lg ppkm di suruh ke rmh dia ngambil lks';negatif
RT @Arxyven: @ncitybase_ PPKM : Pelan Pelan Kehilangan Money';negatif
 banjarbase di cendana nder murah2 tapi kurang tau deh ppkm gini masih buka apa ga';positif
 hesti_rya Apa heh? Ppkm selesai kita ngopi yoo';positif
Sihh... PPKM level 4 bikin mikir cinta. (Soalnya bingung mau ngapain)';positif
 haksaranjaya ppkm sa nanti ditangkep';negatif
 severedgrace Iya sih... KALO MAJOR GILA AJA, UDAH KEK APAAN AJA ANJRIT. HUHUHU PENGEN CEPET KELAR PPKM CUY, BIAR BISA KELUAR MAEN.';negatif
anw han kita gas ke kua aja apa? ppkm gini kua buka ga sih?';positif
 giihadidd yang sabar ya, namanya juga ppkm level 5';positif
 aishaheo Dah tutup ppkm,,';negatif
 Anunya_69 Iya kak, abis ppkm balik lg ya';positif
 notuserfo Iyaaa ppkm';positif
Plis gua udh cape ppkm, pengen nge bucin';positif
 RadioElshinta lock down? PPKM darurat aja gak bisa jalan 100%';negatif
RT @shitlicious: PPKM: Pelan-pelan Kena Mental';negatif
 nabugi12 Udah pada tutup si kayanya yaa soalnya ppkm';negatif
 halupulisi Gara-gara PPKM berlevel';negatif
 detikcom Nah, ini mungkin peringatan buat para pemangku kebijakan agar tak ngawur ambil kebijakan PPKM or Whatever';negatif
 D0UNCAPER lebih suka ppkm';positif
abis ppkm kelar aku mau keluar kandang ah';positif
abis ppkm gass lahh lama banget ini ppkm';negatif
RT @virtualballers: PPKM diperpanjang sampai EA dan Konami merger.';negatif
 jaemcityx Mngkn krna PPKM, sebagian tempat jalan2 D buat muter2 soalnya';negatif
 matimudaaa_ Ppkm min:)';positif
 ayamtirex @bdngfess nanti beres PPKM, ya';positif
Min @GrabID sepi amat orderannya,  apa orderannya kena PPKM  juga?';negatif
 lemonmilkys enak langsung yaa, cuma PPKM';positif
 astrohoodss Yo bismilah selesai ppkm';positif
Serius. Sepuluh ribu ae berharga pol lek pas ppkm wkwkw . Alhamdulillah';positif
 maurichrichrich Diperpanjang i ppkm e';negatif
 kuro_diablo Jangan rame rame, PPKM';positif
 ndroooman ga dlu ppkm';negatif
PPKM Di Perpanjang Sampai Pada Titik Terbaik Menurut Takdir.';positif
 convomf cape ga si sm ppkm?';negatif
Ilmu makan di prajab akhirnya berguna kalau makan di warteg selama PPKM';positif
RT @____dime: halo karena efek dari ppkm ini aku mau jual laptop kesayanganku dari sma hehehe, ada minus garis di lcd waktu dinyalain. aku\xe2\x80\xa6';positif
RT @QaillaAsyiqah: Bagaimana KEADILAN bs tercipta, jika Rakyat Jelata terus disiksa dg peraturan yg ada!!  Aksi Tolak PPKM di Lebak Banten.;negatif
 joongbaes YHH BOLEH KALO KELAR PPKM, GUE AJA YG KE BEKASI, KANGEN SM;negatif
"b""PPKM yang kuharapkan Perkenalan Pertemuan Khitbah Menikah :') #PPKMLevel4""";positif
 detikcom mungkin wujud kecewa kebijakan ppkm';negatif
 bertanyarl ppkm? pen pukul kepala mu';negatif
PPKM...Pelan-Pelan Kita Modyar! Amsyooongg!!';negatif
RT @geloraco: PPKM Diperpanjang, Politisi PKS ke Jokowi: Mundur Ajalah Pak, Rakyat Semakin Susah! https://t.co/Bl94tFmZbv';negatif
RT @davidnurbianto: Pemanasan dulu aje. Kelar PPKM banyak dong yg mau hajatan. Sini gue bantu dekor minimalis budget ekonomis. Mau tanya2 d\xe2\x80\xa6';positif
"RT @mumblooo: ppkm ; pemerintah pemerintah kntol matiajalhbgsd'";negatif
Plis ppkm kapan selesai\xf0\x9f\x98\xad mau self healing \xf0\x9f\x98\xad asli gua udh jenuh banget';negatif
Pengen bgt facial rasanyaaaa tapi PPKM ga kelar2 huhu';negatif
RT @me_zhu__Yusra: Diberlakukan PPKM alasannya jadi gak bisa cari nafkah, giliran udah bisa cari nafkah eh di provokasi suruh mogok kerja.\xe2\x80\xa6';negatif
Selamat malam selamat beraktivitas Jangan jenuh untuk patuhi PPKM ya, Kasus Positif menunjukkan tren penurunan saya\xe2\x80\xa6 https://t.co/NyNVUxMtS1';positif
Percepat Vaksinasi! Baiklah segera diadakan #VaksinasiMassal utk para buruh pabrik di seluruh Indonesia agar mereka\xe2\x80\xa6 https://t.co/I8zzEk78Z6';positif
RT @berlianidris: Serius nanya, ada yang tau landasan ilmiah waktu makan 20 menit ini?  https://t.co/1rAiMoen16';positif
ppkm aja diperpanjang, hubungan kita jangan';negatif
"RT @watchdoc_ID: ""Hitung-hitung nih, kita membantu pemerintah."" - Wartegan  Apa pendapatmu tentang ini? Wartegan menyediakan nasi bungkus g\xe2\x80\xa6'";positif
RT @FiersaBesari: PPKM bikin enggak bisa jalan ke mana-mana, kamu protes. Hubunganmu bisa jalan, tapi enggak berujung ke mana-mana, kamu en\xe2\x80\xa6';negatif
BUSET EX CRUSH GUA LAGI PPKM MALAH NONGKRONG GUA DIRUMAH MATI MATIAN GA KELUAR BIAR CEPET BERES SAMPE ENEG GPP Y K';negatif
RT @alvyaa: Ingat yorobun, RS udah penuh. Di rumah aja ya. Inget jgn makan daging sembarangan walau miskin. Semoga Bansos Jeongha cepet cai\xe2\x80\xa6';negatif
 ngalamfess ppkm gk kelar2, kerja diliburkan tapi tagihan tetap jalan \xf0\x9f\x98\xad';positif
 akanggchen penulis berita ttg nunggu ppkm itu looh';positif
RT @noona_sally: PPKM akan terus diperpanjang sampai ayam berevolusi menjadi Tirex.';negatif
RT @mutmuthea: Di masa PPKM ini memang kebutuhan listrik meningkat. Apalagi banyak yang wfh, wfo dan belajar online.   Nah, ternyata ada up\xe2\x80\xa6';negatif
RT @Nayya001: peraturan pemerintah tentang PPKM\xc2\xa0 ( Pemberlakuan Pembatasan Kegiatan Masyarakat). Menurut ku, pemerintah tak usah marah, Sat\xe2\x80\xa6';negatif
RT @OposisiCerdas: PPKM Diperpanjang, Politisi PKS ke Jokowi: Mundur Ajalah Pak, Rakyat Semakin Susah! https://t.co/cE6uyaElpd';negatif
RT @soopga_min: Good News! PPKM level pedas sepertinya berdampak positif. \xf0\x9f\x98\x81\xe2\x9c\x8c IGD lumayan lengang,pemandangan yg sangat indah, lebih indah d\xe2\x80\xa6';positif
Yg anggap remeh corona, masih nongki lama pas ppkm Sumpah lu belum pernah ngerasain kena corona ajg.';negatif
RT @isnansayyidinaa: rebahan sambil main hp saja gak ckup selama ppkm, butuh duit yg banyak';negatif
ppkm udh kaya ayam geprek aja dah ada level2nya';negatif
level 4 PPKM berarti udah ada ulti';negatif
 BingePurgatory Mana sempat keburu ppkm';negatif
org2 mah ppkm gini wfh Ini malah bru pulang kerja jam segini  kontol';negatif
RT @alvinlie21: Syarat perjalanan jangan diskriminatif  jika Udara wajib PCR moda lainnya seharusnya juga wajib PCR  Kalau moda transportas\xe2\x80\xa6';negatif
Bantu Warga Terdampak PPKM, Danny-Fatma Siapkan 100.000 Bantuan Sembako https://t.co/VcnqlIi90F';positif
"RT @Hilmi28: Hiburan level 4 dari buzzer disaat PPKM level 4. Enjoy, tetap sehat, tetap semangat &amp; tetap tersenyum walau pahit...\xf0\x9f\x98\x85 https://\xe2\x80\xa6'";positif
RT @SurauaID: Kades yang gelar pesta pernikahan saat PPKM Darurat didenda 48 ribu rupiah.. |Kok beda ya?|Klo sama bukan di Indonesia, bro|\xe2\x80\xa6';negatif
ppkm sebenernya sampe tanggal brp sih?';negatif
Selama Masa PPKM Darurat Omset Pedagang Makanan Kaki Lima di Magetan Turun Hingga 50 Persen  https://t.co/rmnklE7iXm';negatif
 sfsunn GABISA PPKM GABISA DEKETAN :(((';negatif
wkwkwk ppkm gabut bgt ya sampe semua hal skrg dipermasalahin, santai bos klo ga ngerugiin lo dan orang lain yaudah b\xe2\x80\xa6 https://t.co/zIZEKhudOS';negatif
 gydyieo Jujur kemaren  sebelum ppkm diperpanjang gua udah nyiapin mau kemana kemana sama bestie abis ppkm selese eh ternyata diperpannjang';negatif
ppkm di perpanjang, hadehh udh kangen starling bundaran HI.';negatif
ppkm udahan dong, gua udh donlot mamikos nih';negatif
 memefess PPKM diperpanjang menyebabkan manusia kehilangan akal';negatif
babinsa Plosorejo Kopda Agus Widodo bersama Tim PPKM MIKRO desa Plosorejo melaksanakan traccing terhadap warga yg p\xe2\x80\xa6 https://t.co/K2D95K5AFj';positif
RT @jagadhj: PPKM level 76 masyarakat wajib ngrogo sukmo mengeluarkan rohnya saja jika ingin pergi ke luar rumah';negatif
RT @virtualballers: PPKM diperpanjang sampai EA dan Konami merger.';negatif
"RT @BachdarWaty: Mba2,Abang2 Mari Bantu larisn Jualn UMKM kmi yg berdmpak PPKM Dangas Coffee&amp;Roasteri Batam menjual Kopi Gayo Arabika Bubuk\xe2\x80\xa6'";positif
Ppkm kapan selesai sih. aku gabisa kuliner malem nyari nasi megono lesehan dipinggir jalan jadinya\xf0\x9f\x98\x8c https://t.co/xKAT7H95ii';negatif
 jaemsfolder Ga muluk2. Kebutuhan hidup. Ud engap bgt karena PPKM \xf0\x9f\x98\x94 semoga segera ngerasain Big win \xf0\x9f\xa4\xb2\xf0\x9f\x8f\xb;negatif
 matchaaoreoo @yhopenn Duh enaknya jadi artis tiktok bikin pesta ultah di ppkm gausah denda. Perlu denda ga ya? Ngg\xe2\x80\xa6 https://t.co/0qm50sP3qg';negatif
Hai #SobatAviasi sejalan dengan Pemberlakukan Pembatasan Kegiatan Masyarakat (PPKM) level 1 hingga level 4, maka pe\xe2\x80\xa6 https://t.co/KiOrC4UMVI';positif
awalnya oke2 aja sama ppkm, lama2 eneg bgt di rumah mulu. emang jiwa jalan2 sih ya gimana';negatif
 hourlyelora Nanti kak nunggu ppkm udh beres, gabisa mudik https://t.co/iIrIwOujD7';negatif
PPKM Diperpanjang, Senator Riri: jangan lupa perhatikan urusan perut rakyat. https://t.co/yvHkpuWBZD';negatif
 Dickyd2i @tobbystory @nuicemedia Iya jg ya \xf0\x9f\xa5\xb2 imagine never ending ppkm sampe 2025';negatif
 s_wae @Alismar89937714 @geloraco @jokowi PPKM /Program Pembunuhan Kehidupan Rakyat.';negatif
RT @aininurcom: Gaess, tetap jaga kesehatan yak di tengah PPKM yang diperpanjang lagi. Kita harus kuat!!!  .  Btw-btw, di tengah masa-masa\xe2\x80\xa6';positif
mau beli kopi terus udah pada tutup, lupa masih ppkm';negatif
"Aku belom bayar kos :"" gegara psbb PPKM mbuh kah ambrul Adul keuangan ku.  Aku pdhal anak kos yg ga pernah telat"" bayar'";negatif
"RT @DKIJakarta: (2/2) Jalankan terus protokol kesehatan 3M. Jangan keluar rumah bila tdk mendesak. Selalu gunakan masker dgn benar dan jaga jarak bila harus keluar rumah. Sering cuci tangan dgn sabun. Ingatkan sesama warga.
 #JagaJakarta #HadapiBersama #COVID19 #PSBBJakarta #PPKM https://t.co/vwBX7nSJdT";positif
"Sebanyak 98,4% RT di Kabupaten #Madiun Masuk Zona Hijau - #MadiunInfo #InformasiMadiun #beritamadiun #MadiunNews #kabarMadiun #peristiwamadiun #ppkmmikro #covid19 #sarscov2 #RT #rukuntetangga #zonahijau #bupati #pemkab #kabupatenmadiun #madiunkab #jatim
 https://t.co/BIyXouUWPd https://t.co/S0ycauzknp";positif
"Patuhi protokol kesehatan untuk mewujudkan Blitar bebas covid-19
 #divisihumaspolri
 #patuhiprokes
 #AyoJogoBlitar
 #bebasCovid19
 #PPKMMikro https://t.co/HZw0xfTZ8A";positif
"Sudah tidak lagi 3M, menekan penyebaran virus Corona perlu penerapan protokol kesehatan 5M. Perlu kesadaran masyarakat, mengingat di jalanan kadang banyak yang tidak mematuhi protokol kesehatan
 
 #polrestulungagung 
 #pidpolsekngunut 
 #ppkmmikro
 #prokes5m 
 #guyubrukun https://t.co/otXQ8Do2DM";positif
RT @jpnncom: Tiga provinsi yang tak menjalankan kebijakan PPKM dan PPKM skala mikro menunjukan peningkatan kasus aktif Covid-19. #Ppkmmikro https://t.co/sOhi56lRZA;negatif
Tiga provinsi yang tak menjalankan kebijakan PPKM dan PPKM skala mikro menunjukan peningkatan kasus aktif Covid-19. #Ppkmmikro https://t.co/sOhi56lRZA;negatif
Jam Tutup Usaha Dilonggarkan Jadi Pukul 22.00 Wita https://t.co/HwFdBrSvVI #berita #nusabali #JamMalam #PPKMMikro #pandemi;positif
"PPKM Mikro Berlanjut Di Kota Malang, Petugas Getol Opsgakplin, PPKM mikro berlanjut di Kota Malang. Opsgakplin protokol kesehatan pun makin gencar. Kota Malang cukup getol menggalakkan operasi #perpanjanganPPKM #PPKMmikro #kabarmalang 
 
 https://t.co/et8bbh1d5Z";positif
"Datangi Posko PPKM Desa Bandungrejo Jepara, Kapolda Jateng Bagikan Masker dan 50 Paket Sembako.
 
 Selengkapnya klik tautan berikut ini.
 #Jepara #PPKMMikro #Bandungrejo #Kapolda #Jateng
 https://t.co/vDB3cO2sqp";positif
"Bhabinkamtibmas Polsek Sumbang Aiptu Diya Nilawanti membagikan nasi kotak dari Polsek Sumbang program JUMAT PEDULI DAN BERKAH?? kepada Banpol dan pedagang kecil.
 #Jatenglawancorona 
 #Ikutiaturancegahcorona 
 #ppkmmikro
 #Amandirumah 
 #Dirumahaja https://t.co/7OPtDyM3LW";positif
"Kenapa diperluas ya?
 
 Simak gambar dibawah ini sob agar tau alasannya.
 #ppkmmikro
 #terasnegeriku https://t.co/GIpI4AuYhf";negatif
"Udah tau belum sob, apa itu PPKM Mikro?
 
 PPKM Mikro adalah pemberlakuan pembatasan kegiatan masyarakat berbasis skala mikro untuk menekan laju covid-19, sob.
 #ppkmmikro
 #terasnegeriku https://t.co/xTUaYhvzDd";positif
"Sob, udah tau belum PPKM Mikro diperpanjang dan diperluas?
 
 Yuk, discroll biar kamu nggak ketinggalan infonya!
 
 #ppkmmikro
 #terasnegeriku https://t.co/OqsM5FbP5G";negatif
"Kapolsek Selorejo pimmpin pelaksanaan pengawasan PPKM dan pembagian masker kepada jamaah sholat Jum'at di Masjid Al- Munir desa Sumberagung.
 #divisihumaspolri
 #patuhiprokes
 #AyoJogoBlitar
 #bebasCovid19
 #PPKMMikro https://t.co/lnxiWklj7q";positif
"pencegahan penularan Covid-19 harus dilaksanakan dr lingkungan terkecil.
 Realisasikan posko tanggap corona di setiap desa/kelurahan.
 
 #LawanCovid19 
 #PPKMMikro
 #1JutaVaksinasiAman https://t.co/mJASJ0ASap";positif
"PPKM Mikro Efektif Berhasil Menekan Kasus Baru Covid-19
 Ayo dukung terus PPKM
 #indonesia #COVID19 #ppkmmikro #protokolkesehatan https://t.co/oRyk5Tx5gj";positif
"For your information!
 Mari kita dukung program vaksinasi &amp; juga perketat protokol kesehatan
 
 #protokolkesehatan #COVID19 #ppkmmikro #vaksinasi https://t.co/Gu5pj41tJz";positif
"For your information!
 PPKM Mikro Efektif Berhasil Menekan Kasus Baru Covid-19
 
 #indonesia #COVID19 #ppkmmikro #protokolkesehatan https://t.co/L7Pje7jxwi";positif
"Patuhi protokol kesehatan untuk mewujudkan Blitar bebas covid-19
 #divisihumaspolri
 #patuhiprokes
 #AyoJogoBlitar
 #bebasCovid19
 #PPKMMikro https://t.co/L8dTHeGOZH";positif
"RT @IndonesiaBaikId: Hai SohIB! Kebijakan #PPKMMikro akan diperpanjang lho. Cakupannya pun akan diperluas. Mengapa?
 
 #IndonesiaBaik #YangMudaSukaData #DailyIssue #Infografis #PPKM #PSBB #COVID19 #KominfoNewsroom @BNPB_Indonesia https://t.co/110aezdisX";negatif
"Himbauan Tokoh Agama tentang PPKM Mikro dan Prokes 5M kepada Masyarakat.
 .
 #ppkmmikro
 #protokolkesehatan
 #polrestulungagung
 #guyubrukun
 #akbphandonosubiakto01 https://t.co/u1dAFxzYUG";positif
"Penggagas KLB @PDemokrat tapi sudah mengundurkan diri sebagai kader?
 Ngotot merasa paling berjasa terhadap @PDemokrat kenyataannya ingin ada dalam kekuasaan?
 Lupa prokes kesehatan saat konferensi pers?
 Padahal sedang #PPKMmikro
 #KLBUrusanInternalDemokrat https://t.co/PrfXDuAW5X";negatif
"Tim Satgas Covid-19 Desa Ngasinan Kecamatan Bulu melaksanakan Tracking kepada warga masyarakat dalam rangka Penerapan Kebijakan PPKM Mikro untuk Mencegah Penularan Covid 19.
 Kamis, 11/3/21
 .
 @yugo_bambang 
 #humas_poldajateng 
 #infopolisisukoharjo
 #polisisukoharjo
 #ppkmmikro https://t.co/sTaOCjnHOJ";positif
"RT @IndonesiaBaikId: Hai SohIB! Kebijakan #PPKMMikro akan diperpanjang lho. Cakupannya pun akan diperluas. Mengapa?
 
 #IndonesiaBaik #YangMudaSukaData #DailyIssue #Infografis #PPKM #PSBB #COVID19 #KominfoNewsroom @BNPB_Indonesia https://t.co/110aezdisX";negatif
"600 Personel Disiagakan saat Operasi Yustisi Penegakan Prokes di #Madiun - #MadiunInfo #InformasiMadiun #beritamadiun #MadiunNews #kabarMadiun #peristiwamadiun #ppkmmikro #prokes #operasiyustisi #covid19 #sarscov2 #satgas #forkopimda #walikota #pemkot #rri
 https://t.co/O7sfY17jU4 https://t.co/thszv1UdtE";positif
"Begini Pesta Ultah Pedangdut Lara Silvi yang Digelar tanpa Pakai Masker dan Berkerumun
 
 #protokolkesehatan #melanggarprokes #wajibmasker #tanpamasker #kerumunan #ppkm #ppkmmikro #cafedefins #larasilvi #dangdut #psbb #viruscorona #viruscovid19 #covid19 #corona https://t.co/UqwLrJu8oN";negatif
"PPKM Polsek Gajahmungkur
 Bagi bagi Masker.
 
 @DivHumas_Polri
 @poldajateng_
 @HumasTabesSmg
 #polsekgajahmungkur
 #bersatulawancovid19o
 #ppkmmikro https://t.co/BXetQkJSsf";positif
"RT @PemKabTangerang: Gubernur Banten Wahidin Halim : 
 PPKM Mikro se-Tangerang Raya Cukup Efektif
 
 Selengkapnya: https://t.co/2ku7ppdKiQ
 
 #Rakor #PPKMMikro https://t.co/jRpboAsDxl";positif
"Gubernur Banten Wahidin Halim : 
 PPKM Mikro se-Tangerang Raya Cukup Efektif
 
 Selengkapnya: https://t.co/2ku7ppdKiQ
 
 #Rakor #PPKMMikro https://t.co/jRpboAsDxl";positif
"RT @IndonesiaBaikId: Hai SohIB! Kebijakan #PPKMMikro akan diperpanjang lho. Cakupannya pun akan diperluas. Mengapa?
 
 #IndonesiaBaik #YangMudaSukaData #DailyIssue #Infografis #PPKM #PSBB #COVID19 #KominfoNewsroom @BNPB_Indonesia https://t.co/110aezdisX";negatif
"Hai SohIB! Kebijakan #PPKMMikro akan diperpanjang lho. Cakupannya pun akan diperluas. Mengapa?
 
 #IndonesiaBaik #YangMudaSukaData #DailyIssue #Infografis #PPKM #PSBB #COVID19 #KominfoNewsroom @BNPB_Indonesia https://t.co/110aezdisX";negatif
"BERAS ANYAR....!
 
 Dikiro stafff Ternyata ???......
 
 Sukseskan PPKM Mikro dan tetap patuhi Protokol kesehatan
 
 https://t.co/qJ4QWXubj6
 
 Selamat menyaksikan...
 
 #Humaspolri #Poldajawatengah #Polrespemalang #Polsekpetarukan #PPKM #PPKMMikro #Covid19 #CegahCovid19 #filmpendeklucu";negatif
"Staf ahli bidang ekonomi dan pembangunan kab Banyumas Drs. Imam Pamungkas,MM. melaksanakan pembinaan dan monitoring evaluasi pelaksanaan PPKM Mikro Desa Karangkemiri kecamatan Karanglewas, (10/3)
 
 #ppkmmikro
 #banyumassolidmelawancovid
 #polripresisi
 @PKaranglewas https://t.co/lsPO6dHCB3";positif
"pencegahan penularan Covid-19 harus dilaksanakan dr lingkungan terkecil.
 Realisasikan posko tanggap corona di setiap desa/kelurahan.
 
 #LawanCovid19 
 #PPKMMikro
 #1JutaVaksinasiAman https://t.co/kLd1fpXNU0";positif
"#Masker_KU_melindungi_MU
 #Masker_MU_melindungi_KU
 ?ø????ú?ø????ú?ø????ú?ø????ú
 
 PPKM MIKRO dan Pembentukan Posko penanganan Covid_19 mulai tingkat Desa, Kelurahan, RT/RW dalam rangka upaya memutus penyebaran Covid_19
 
 #polrestulungagung 
 #pidpolsekngunut 
 #polripresisi 
 #ppkmmikro 
 #guyubrukun https://t.co/WuRldTUZi3";negatif
"Rembang, https://t.co/F73HKt1Ygv ?›ƒ?ªƒ?? Pemerintah Kabupaten Rembang memberikan izin kepada pelaku wisata untuk beroperasi selama empat hari dalam satu minggu di masa pemberlakuan pembatasan kegiatan masyarakat (PPKM) skala mikro. #KabupatenRembang #ppkmmikro
 
 https://t.co/9NvWMcXO3m https://t.co/YM2qsgyyzz";positif
"Himbauan Tokoh Agama tentang PPKM Mikro dan Prokes 5M kepada Masyarakat.
 . 
 #ppkmmikro
 #protokolkesehatan
 #polrestulungagung
 #guyubrukun
 #akbphandonosubiakto01 https://t.co/rgb5jTn9eT";positif
@restulungagung #ppkmmikro #protokolkesehatan #polrestulungagung #guyubrukun #akbphandonosubiakto01;negatif
Restoran-Mall Bisa Buka hingga Pukul 22.00 Wita https://t.co/UdYIp6OBdu #PPKMMikro #berita #nusabali #pandemi #COVID19 #JamMalam;positif
Pemerintah Kembali Perpanjang PPKM Mikro, tetapi Ada yang Dilonggarkan #AirlanggaHartarto #Transportasiumum #DisiplinCegahCovid19 #PpkmMikro #PusatPerbelanjaan https://t.co/2oh5QSckhs https://t.co/D8j6Bd4vQo;negatif
"Ancol tetap buka meski PPKM Mikro diperpanjang.
 
 #merahputihcom #ancol #ppkmmikro #jakarta #COVID19
 https://t.co/TFhvVFO6Kd";positif
"Gus Menteri: 13 persen dana desa telah tersalur selama PPKM mikro https://t.co/1hMY6oHQsc
 
 #mendespdtt #ppkmmikro #jawa #bali #poskotanggapcovid19 #Lensaindonesiacom";positif
Tetap di Rumah Saja, Jakarta Perpanjang PPKM Mikro Jilid 3 selama 14 Hari Sampai 22 Maret 2021 https://t.co/AVVRcoqwIx #ppkmjakarta #psbbjakarta #aniesbaswedan #anies #jakarta #ppkmmikro #jakartapusat #jakartabarat #jakartatimur #jakartaselatan #jakartautara #covid19 #corona;negatif
"Bupati #Madiun Belum Izinkan Warga Gelar Kegiatan Sosial Budaya ?›ƒ?ªƒ?? #MadiunInfo #InformasiMadiun #beritamadiun #MadiunNews #kabarMadiun #peristiwamadiun #ppkmmikro #prokes #operasiyustisi #covid19 #sarscov2 #bupati #pemkab #kabupatenmadiun #madiunkab 
 https://t.co/ag0OZfgokk https://t.co/vlTMzJ1gUY";negatif
"RT @arjuna16sp: Pemaparan #GusMenteri tentang #PPKMMikro di Desa pada Rakornas PB 2021. 
 @jokowi 
 @halimiskandarnu 
 @imansyukri 
 @malik_haramain
 @taufikmadjid71 
 @yusradaridesa 
 @fachrilabalado 
 @SukoyoKasekpro 
 @Brigade01Arwan1 
 @Erwin3977 https://t.co/z8WArW8DSM";negatif
"PPKM Mikro jadi Fokus Pemkab Bulungan Atasi Covid-19, Syarwani: Pemanfaatan Refocusing Anggaran
  
 https://t.co/kwXfqVXSsQ via @Tribun_Kaltara #PPKMMikro #fokus #Pemkab #Bulungan #atasi #Covid19 #Syarwani #Refocusing #Anggaran";negatif
"RINDU event tnp maskeran...
 
 Semoga pandemi segera berakhir...
 
 #ppkmmikro https://t.co/MsLFWxZyYL";positif
"THM dan Bioskop di Kota #Madiun Diperbolehkan Beroperasi - #MadiunInfo #InformasiMadiun #beritamadiun #MadiunNews #kabarMadiun #wisataMadiun #peristiwamadiun #ppkmmikro #prokes #operasiyustisi #covid19 #sarscov2 #walikota #pemkot #KotaMadiun #MadiunKota 
 https://t.co/YqVezasi0Y https://t.co/0sCRUhzBpJ";positif
"Patuhi protokol kesehatan untuk mewujudkan Blitar bebas covid-19
 #divisihumaspolri
 #patuhiprokes
 #AyoJogoBlitar
 #bebasCovid19
 #PPKMMikro https://t.co/YM3sB4c68t";positif
"kata Airlangga Hartarto dalam konferensi pers secara virtual, Senin (8/3/2021).
 
 Makanya kita harus pinter-pinter jaga diri dan kesehatan ya!
 
 Berita selengkapnya:
 https://t.co/E1L3YaSgUF
 
 #PPKM #PPKMmikro #PSBB #pembatasan #covid19";negatif
"RT @salatiga_info: Banyak Yang Tertib Protokol Hingga Kasus Melandai, Walikota Salatiga Klaim PPKM Mikro Salatiga Berhasil. Geser Kiri. 
 . 
 . 
 #infosalatiga #salatiga #ppkmmikro https://t.co/sWo11xYcPi";positif
"RT @humas_jogja: Berdasarkan Instruksi Gubernur Daerah Istimewa Yogyakarta Nomor: 7/INSTR/2021, diberlakukan perpanjangan PPKM Mikro DIY mulai 9 Maret hingga 22 Maret 2021. 
 
 #PPKMMikro
 #PTKM
 #JogjaIstimewa
 #InstruksiGubernur https://t.co/saiXMHz1S9";negatif
"Mari tetap terapkan protokol kesehatan pencegahan Covid-19 demi kebaikan bersama.
 
 Sumber : @humas_jogja 
 
 #PPKMMikro
 #PTKM
 #JogjaIstimewa
 #InstruksiGubernur
 #KominfoDIY";positif
"Banyak Yang Tertib Protokol Hingga Kasus Melandai, Walikota Salatiga Klaim PPKM Mikro Salatiga Berhasil. Geser Kiri. 
 . 
 . 
 #infosalatiga #salatiga #ppkmmikro https://t.co/sWo11xYcPi";positif
"#ppkmmikro
 #InfoKPCPEN
 #RedamLajuCovid 
 
 Pelaksanaan PPKM ke-I dan II (periode 25 Januari sampai 8 Maret 2021) berhasil meredam laju penambahan kasus aktif Covid-19 pada level nasional
 
 https://t.co/1eyw9RBT7Y";positif
Efektif Turunkan Covid-19, Khofifah Indar Parawansa Perpanjang PPKM Mikro https://t.co/xLGkFNJhYp #covid-19 #Khofifah #PPKMMikro;positif
Sukseskan PPKM Mikro diperpanjang hingga 22 Maret 2021 #ppkmmikro https://t.co/hAMUn5P96h;positif
"PPKM Mikro diperpanjang, Pengusaha Pasrah
 #ppkmmikro 
 
 https://t.co/ca60g0gl6l";negatif
"Efektif Perkuat PPKM Mikro, 22.832 Posko Desa Tersebar di 30 Provinsi 
 #ppkmmikro
 https://t.co/U88TB7b2Hd";positif
Jam Buka Toko Masih Tumpang Tindih https://t.co/PtvnWqJFN0 #berita #nusabali #JamMalam #PPKMMikro #COVID19 #pandemi;negatif
"PPKM Mikro Diperpanjang, Anggota DPR Ingatkan Jangan Lengah 
 
 #PPKM #PPKMMikro https://t.co/tPJ5fIqjF0";positif
"Top News Koran Rakyat Merdeka
 
 PPKM Mikro Terkendala Dana Desa
 Catat Ya... Anggaran Posko Covid Desa Minimal 8 Persen
 
 #PPKM #PPKMMikro #DanaDesa #SatgasCovid19 #Corona #coronavirus #COVID19 #Nasional #Covid_19 #COVID #RakyatMerdeka #RMid
 
 https://t.co/8wS8tFqakQ";negatif
"PPKM Mikro di Jakarta 9-22 Maret, Tempat Rekreasi Bisa Buka dengan Syarat Tertentu
 
 #PPKM #PPKMMikro #DKIJakarta?? https://t.co/5Du6jc3OCU";negatif
PPKM Mikro Surabaya Diperpanjang https://t.co/EGbtg5aPef #PPKM #ppkmmikro #surabaya #COVID19;positif
"Mulai tgl 11 Maret, bak PPKM. Waktu diberlakukan dibatasi mulai pukul 21:25-03:00 WIB.
 
 #PPKMMikro #BatasWaktu #SemangatSeru #InternationalWomensDay #InspirasiWanita";negatif
"Ketua DPRD Kab Banyumas Dr Budi Setiawan melaksanakan pembinaan dan monitoring evaluasi pelaksanaan PPKM Mikro Desa Babakan kecamatan Karanglewas, Senin malam (8/3/21). 
 . 
 . 
 #ppkmmikro
 #banyumassolidmelawancovid
 #polripresisi
 #polrestabanyumas https://t.co/VwoWXyVahQ";positif
"Diperpanjang, PPKM Mikro Diperluas ke Kaltim, Sulsel, dan Sumut
 
 #PPKM #PPKMMikro https://t.co/3Gt2h4gOa6";negatif
PPKM Mikro Turunkan Kasus COVID-19, Satgas: Kalau Ragu Silakan Amati Sampai Akhir #PPKMMikro #VirusCorona https://t.co/adeuhLcQR1;positif
"PPKM Mikro Diperpanjang, Objek Wisata di Jepara Masih Belum Boleh Buka.
 
 Selengkapnya klik tautan berikut ini. 
 #Jepara #PPKMMikro #Wisata #Tutup
 https://t.co/r1eJuWEsbq";negatif
Dinas Kesehatan DKI Sebut PPKM Mikro Tekan Kasus Covid-19 #PPKMmikro #covid-19 https://t.co/qYfu44Oa8n;positif
"Bersama 3 pilar, anggota Polsek Karanglewas, Koramil dan Kecamatan lak giat laks giat ops yustisi penegakan PPKM dan himbauan untuk tetap patuhi prokes di pasar pahing ikut ds Pasir Lor
  Kec Karanglewas, (8/3)
 
 #ppkmmikro
 #polripresisi
 #banyumassolidmelawancovid https://t.co/evgXmORfcd";positif
"Bhabinkamtibmas desa silado Aiptu Ady Suprayogi melaksanakan kegiatan kontrol kesiapan posko PPKM micro desa Silado meliputi penyusunan Renbut dan Perlengkapan serta operasional Posko PPKM Mikro.
 #Jatenglawancorona 
 #Ikutiaturancegahcorona 
 #ppkmmikro
 #Amandirumah 
 #Dirumahaja https://t.co/pLcKf3jn6M";positif
"Ampuh Turunkan Kasus Covid-19, PPKM Berskala Mikro Kembali Diperpanjang
 
 #ppkmmikro #PPKM #COVID #COVID19 https://t.co/wirvjxEkWJ";positif
"Bersama 3 pilar, anggota Polsek Karanglewas, Koramil dan Kecamatan lak giat monitoring update data posko PPKM Mikro di ds Pasir Wetan Kec Karanglewas, (8/3)
 
 #ppkmmikro
 #polripresisi
 #banyumassolidmelawancovid https://t.co/aklhViLA8n";positif
"pencegahan penularan Covid-19 harus dilaksanakan dr lingkungan terkecil.
 Realisasikan posko tanggap corona di setiap desa/kelurahan.
 
 #LawanCovid19 
 #PPKMMikro
 #1JutaVaksinasiAman https://t.co/Cq5sS0n0KJ";positif
"RT @HumasPoldaJatim: Imbauan Tokoh Agama Kota Blitar untuk tetap Taat Protokol Kesehatan 5M serta PPKM Mikro untuk mewujudkan Jawa Timur yang Sehat dan Bebas Corona?ø???ÿ?ø?ƒ????ø???¯
 
 #jawatimurbangkit 
 #jatimtaatprokes5m 
 #ppkmmikro https://t.co/0s5iw57xFH";positif
"Patuhi protokol kesehatan untuk mewujudkan Blitar bebas covid-19
 #divisihumaspolri
 #patuhiprokes
 #AyoJogoBlitar
 #bebasCovid19
 #PPKMMikro https://t.co/kMR090bEYR";positif
PPKM mikro samgat efektif #PPKMMikro https://t.co/9XmHoQGu5H;positif
"RT @aryumawanesia: terus bergerak lawan covid-19 bersama seluruh lapisan masyarakat
 #PPKMMikro
 #JogoTongo
 #JatengGayeng
 @ganjarpranowo
 @Kodim_Sragen 
 @kominfo_srg 
 @P3MD_Sragen 
 @ressragen 
 @polressragen
 @dinkesjateng 
 @bpbd_sragen 
 @DISPERMADES_JTG 
 @kominfo_jtg 
 @newsragen https://t.co/rLlooTyCik";positif
"Himbauan Tokoh agama untuk tetap mematuhi protokol kesehatan dan PPKM mikro demi terwujudnya masyarakat yang bebas covid-19
 
 #patuhprokes
 #PPKMmikro
 #bebasCovid19
 #AyoJogoBlitar https://t.co/ZvPqBBv9iV";positif
Selalu disiplin Prokes #PPKMMikro https://t.co/uaDK8CAZIZ;positif
"DINE-IN dengan Social Distancing
 Dari 3pm s/d 9.30pm
 #steak #pasta #pizza
 #steakandshake
 #iconkulinersolo #iconkuliner
 #surakarta #solo 
 #kulinerlegendaris 
 #jajansolomurah #jajansolohitz #jajansolo #jajansoloenak #jajananhits #jajanankekinian #NewNormal
 #PPKM #PSBB #PPKMMikro https://t.co/E5piaSdMmX";positif
"Gubernur Sumut Terapkan PPKM Mikro di 6 Kabupaten/Kota, Berikut Daftarnya 
 
 #PPKM #PPKMMikro #Sumut https://t.co/HTL36mbpL9";positif
"Enam Wilayah ini Zona Merah, Pemprov Sumut Berlakukan PPKM Mikro
 
 @RahmayadiEdy @ijeck09
 
 #PPKMMIKRO https://t.co/2tLnMuaslW";negatif
"Himbauan Tokoh agama untuk tetap mematuhi protokol kesehatan dan PPKM mikro demi terwujudnya masyarakat yang bebas covid-19
 
 #patuhprokes
 #PPKMmikro
 #bebasCovid19
 #AyoJogoBlitar https://t.co/5aI5k2UC0K";positif
"https://t.co/UUD9KYNK9q
 
 Himbauan Tokoh agama untuk tetap mematuhi protokol kesehatan dan PPKM mikro demi terwujudnya masyarakat yang bebas covid-19
 
 #patuhprokes
 #PPKMmikro
 #bebasCovid19
 #AyoJogoBlitar";positif
"Himbauan Tokoh agama untuk tetap mematuhi protokol kesehatan dan PPKM mikro demi terwujudnya masyarakat yang bebas covid-19
 
 #patuhprokes
 #PPKMmikro
 #bebasCovid19
 #AyoJogoBlitar https://t.co/j1X6mto7lT";positif
"[TERBARU] Penanganan #COVID19 di Jakarta.
 (1/2) Update data tes &amp; kasus PCR DKI Jakarta 13 Maret 21. Strategi tes, lacak dan isolasi terus digencarkan untuk temukan sebanyaknya kasus positif agar dapat disembuhkan dan tidak menularkan virus.
 #JagaJakarta #PSBBJakarta #PPKM https://t.co/lugKmPnbzE";positif
"Sebanyak 98,4% RT di Kabupaten #Madiun Masuk Zona Hijau - #MadiunInfo #InformasiMadiun #beritamadiun #MadiunNews #kabarMadiun #peristiwamadiun #ppkmmikro #covid19 #sarscov2 #RT #rukuntetangga #zonahijau #bupati #pemkab #kabupatenmadiun #madiunkab #jatim
 https://t.co/BIyXouUWPd https://t.co/S0ycauzknp";positif
"Patuhi protokol kesehatan untuk mewujudkan Blitar bebas covid-19
 #divisihumaspolri
 #patuhiprokes
 #AyoJogoBlitar
 #bebasCovid19
 #PPKMMikro https://t.co/HZw0xfTZ8A";positif
"Sudah tidak lagi 3M, menekan penyebaran virus Corona perlu penerapan protokol kesehatan 5M. Perlu kesadaran masyarakat, mengingat di jalanan kadang banyak yang tidak mematuhi protokol kesehatan
 
 #polrestulungagung 
 #pidpolsekngunut 
 #ppkmmikro
 #prokes5m 
 #guyubrukun https://t.co/otXQ8Do2DM";positif
RT @jpnncom: Tiga provinsi yang tak menjalankan kebijakan PPKM dan PPKM skala mikro menunjukan peningkatan kasus aktif Covid-19. #Ppkmmikro https://t.co/sOhi56lRZA;negatif
Tiga provinsi yang tak menjalankan kebijakan PPKM dan PPKM skala mikro menunjukan peningkatan kasus aktif Covid-19. #Ppkmmikro https://t.co/sOhi56lRZA;negatif
Jam Tutup Usaha Dilonggarkan Jadi Pukul 22.00 Wita https://t.co/HwFdBrSvVI #berita #nusabali #JamMalam #PPKMMikro #pandemi;positif
"RT @KabarMalangCom: PPKM Mikro Berlanjut Di Kota Malang, Petugas Getol Opsgakplin, PPKM mikro berlanjut di Kota Malang. Opsgakplin protokol kesehatan pun makin gencar. Kota Malang cukup getol menggalakkan operasi #perpanjanganPPKM #PPKMmikro #kabarmalang 
 
 https://t.co/et8bbh1d5Z";positif
"PPKM Mikro Berlanjut Di Kota Malang, Petugas Getol Opsgakplin, PPKM mikro berlanjut di Kota Malang. Opsgakplin protokol kesehatan pun makin gencar. Kota Malang cukup getol menggalakkan operasi #perpanjanganPPKM #PPKMmikro #kabarmalang 
 
 https://t.co/et8bbh1d5Z";positif
"Datangi Posko PPKM Desa Bandungrejo Jepara, Kapolda Jateng Bagikan Masker dan 50 Paket Sembako.
 
 Selengkapnya klik tautan berikut ini.
 #Jepara #PPKMMikro #Bandungrejo #Kapolda #Jateng
 https://t.co/vDB3cO2sqp";positif
"Bhabinkamtibmas Polsek Sumbang Aiptu Diya Nilawanti membagikan nasi kotak dari Polsek Sumbang program JUMAT PEDULI DAN BERKAH?? kepada Banpol dan pedagang kecil.
 #Jatenglawancorona 
 #Ikutiaturancegahcorona 
 #ppkmmikro
 #Amandirumah 
 #Dirumahaja https://t.co/7OPtDyM3LW";positif
"Penggagas KLB @PDemokrat tapi sudah mengundurkan diri sebagai kader?
 Ngotot merasa paling berjasa terhadap @PDemokrat kenyataannya ingin ada dalam kekuasaan?
 Lupa prokes kesehatan saat konferensi pers?
 Padahal sedang #PPKMmikro
 #KLBUrusanInternalDemokrat https://t.co/PrfXDuAW5X";negatif
"Begini Pesta Ultah Pedangdut Lara Silvi yang Digelar tanpa Pakai Masker dan Berkerumun
 
 #protokolkesehatan #melanggarprokes #wajibmasker #tanpamasker #kerumunan #ppkm #ppkmmikro #cafedefins #larasilvi #dangdut #psbb #viruscorona #viruscovid19 #covid19 #corona https://t.co/UqwLrJu8oN";negatif
"Patuhi protokol kesehatan untuk mewujudkan Blitar bebas covid-19
 #divisihumaspolri
 #patuhiprokes
 #AyoJogoBlitar
 #bebasCovid19
 #PPKMMikro https://t.co/kMR090bEYR";positif
PPKM mikro samgat efektif #PPKMMikro https://t.co/9XmHoQGu5H;positif
"RT @aryumawanesia: terus bergerak lawan covid-19 bersama seluruh lapisan masyarakat
 #PPKMMikro
 #JogoTongo
 #JatengGayeng
 @ganjarpranowo
 @Kodim_Sragen 
 @kominfo_srg 
 @P3MD_Sragen 
 @ressragen 
 @polressragen
 @dinkesjateng 
 @bpbd_sragen 
 @DISPERMADES_JTG 
 @kominfo_jtg 
 @newsragen https://t.co/rLlooTyCik";positif
Selalu disiplin Prokes #PPKMMikro https://t.co/uaDK8CAZIZ;positif
"Gubernur Sumut Terapkan PPKM Mikro di 6 Kabupaten/Kota, Berikut Daftarnya 
 
 #PPKM #PPKMMikro #Sumut https://t.co/HTL36mbpL9";positif
"Enam Wilayah ini Zona Merah, Pemprov Sumut Berlakukan PPKM Mikro
 
 @RahmayadiEdy @ijeck09
 
 #PPKMMIKRO https://t.co/2tLnMuaslW";positif
"Himbauan Tokoh agama untuk tetap mematuhi protokol kesehatan dan PPKM mikro demi terwujudnya masyarakat yang bebas covid-19
 
 #patuhprokes
 #PPKMmikro
 #bebasCovid19
 #AyoJogoBlitar https://t.co/5aI5k2UC0K";positif
"https://t.co/UUD9KYNK9q
 
 Himbauan Tokoh agama untuk tetap mematuhi protokol kesehatan dan PPKM mikro demi terwujudnya masyarakat yang bebas covid-19
 
 #patuhprokes
 #PPKMmikro
 #bebasCovid19
 #AyoJogoBlitar";positif
"Monitor Posko PPKM mikro disetiap Kalurahan maupun Kelurahan. Semoga pandemi inj segera berakhir ?ø?ƒ?›?.
 #lawancovid19 
 #kulonprogobisabebascovid 
 #kulonprogothejawelofjava 
 #kulonprogo 
 #ppkmmikro 
 #ppkm 
 #ppkmjawabali https://t.co/ltxZN3ht8B";positif
"Patuhi protokol kesehatan untuk mewujudkan Blitar bebas covid-19
 #divisihumaspolri
 #patuhiprokes
 #AyoJogoBlitar
 #bebasCovid19
 #PPKMMikro https://t.co/HZw0xfTZ8A";positif
"Sudah tidak lagi 3M, menekan penyebaran virus Corona perlu penerapan protokol kesehatan 5M. Perlu kesadaran masyarakat, mengingat di jalanan kadang banyak yang tidak mematuhi protokol kesehatan
 
 #polrestulungagung 
 #pidpolsekngunut 
 #ppkmmikro
 #prokes5m 
 #guyubrukun https://t.co/otXQ8Do2DM";positif
"RT @KabarMalangCom: PPKM Mikro Berlanjut Di Kota Malang, Petugas Getol Opsgakplin, PPKM mikro berlanjut di Kota Malang. Opsgakplin protokol kesehatan pun makin gencar. Kota Malang cukup getol menggalakkan operasi #perpanjanganPPKM #PPKMmikro #kabarmalang 
 
 https://t.co/et8bbh1d5Z";positif
"PPKM Mikro Berlanjut Di Kota Malang, Petugas Getol Opsgakplin, PPKM mikro berlanjut di Kota Malang. Opsgakplin protokol kesehatan pun makin gencar. Kota Malang cukup getol menggalakkan operasi #perpanjanganPPKM #PPKMmikro #kabarmalang 
 
 https://t.co/et8bbh1d5Z";positif
"Datangi Posko PPKM Desa Bandungrejo Jepara, Kapolda Jateng Bagikan Masker dan 50 Paket Sembako.
 
 Selengkapnya klik tautan berikut ini.
 #Jepara #PPKMMikro #Bandungrejo #Kapolda #Jateng
 https://t.co/vDB3cO2sqp";positif
"Bhabinkamtibmas Polsek Sumbang Aiptu Diya Nilawanti membagikan nasi kotak dari Polsek Sumbang program JUMAT PEDULI DAN BERKAH?? kepada Banpol dan pedagang kecil.
 #Jatenglawancorona 
 #Ikutiaturancegahcorona 
 #ppkmmikro
 #Amandirumah 
 #Dirumahaja https://t.co/7OPtDyM3LW";positif
"Kapolsek Selorejo pimmpin pelaksanaan pengawasan PPKM dan pembagian masker kepada jamaah sholat Jum'at di Masjid Al- Munir desa Sumberagung.
 #divisihumaspolri
 #patuhiprokes
 #AyoJogoBlitar
 #bebasCovid19
 #PPKMMikro https://t.co/lnxiWklj7q";positif
"pencegahan penularan Covid-19 harus dilaksanakan dr lingkungan terkecil.
 Realisasikan posko tanggap corona di setiap desa/kelurahan.
 
 #LawanCovid19 
 #PPKMMikro
 #1JutaVaksinasiAman https://t.co/wVsTsg4Lsx";positif
"PPKM Mikro Efektif Berhasil Menekan Kasus Baru Covid-19
 
 #indonesia #COVID19 #ppkmmikro #protokolkesehatan
 #janganlupakan5m https://t.co/1KIIwqU6cD";positif
"#Masker_KU_melindungi_MU
 #Masker_MU_melindungi_KU
 ?ø????ú?ø????ú?ø????ú?ø????ú
 
 Polsek Ngunut melaksanakan Penerapan PPKM MIKRO guna menumbuhkan kesadaran masyarakat tentang ProKes 5M
 
 #saluspopulisupremalexesto
 #polrestulungagung
 #pidpolsekngunut
 #ppkmmikro
 #jatimbermasker
 #guyubrukun https://t.co/FYvbrbQvVY";positif
"Bhabinkambmas Desa Ngasinan Aiptu Bambang ADT bersama Babinsa Serma Lusyono, Bidan Desa dan Perdes Ngasinan mengantarkan warga untuk Swab di Puskesmas Weru Kabupaten Sukoharjo.
 Jumat, 12/3/21
 .
 #humas_poldajateng 
 #infopolisisukoharjo
 #polisisukoharjo
 #ppkmmikro. https://t.co/vU5ABZbuMH";positif
"For your information!
 PPKM Mikro Efektif Berhasil Menekan Kasus Baru Covid-19
 
 #indonesia #COVID19 #ppkmmikro #protokolkesehatan https://t.co/3JTlPo1pWo";positif
"Patuhi protokol kesehatan untuk mewujudkan Blitar bebas covid-19
 #divisihumaspolri
 #patuhiprokes
 #AyoJogoBlitar
 #bebasCovid19
 #PPKMMikro https://t.co/L8dTHeGOZH";positif
"Himbauan Tokoh Agama tentang PPKM Mikro dan Prokes 5M kepada Masyarakat.
 .
 #ppkmmikro
 #protokolkesehatan
 #polrestulungagung
 #guyubrukun
 #akbphandonosubiakto01 https://t.co/u1dAFxzYUG";positif
"RT @PemKabTangerang: Gubernur Banten Wahidin Halim : 
 PPKM Mikro se-Tangerang Raya Cukup Efektif
 
 Selengkapnya: https://t.co/2ku7ppdKiQ
 
 #Rakor #PPKMMikro https://t.co/jRpboAsDxl";positif
"Gubernur Banten Wahidin Halim : 
 PPKM Mikro se-Tangerang Raya Cukup Efektif
 
 Selengkapnya: https://t.co/2ku7ppdKiQ
 
 #Rakor #PPKMMikro https://t.co/jRpboAsDxl";positif
"BERAS ANYAR....!
 
 Dikiro stafff Ternyata ???......
 
 Sukseskan PPKM Mikro dan tetap patuhi Protokol kesehatan
 
 https://t.co/qJ4QWXubj6
 
 Selamat menyaksikan...
 
 #Humaspolri #Poldajawatengah #Polrespemalang #Polsekpetarukan #PPKM #PPKMMikro #Covid19 #CegahCovid19 #filmpendeklucu";positif
"RT @arjuna16sp: @PmdPuspen Semoga #GusMenteri juga mengusulkan kepada Bapak Presiden @jokowi agar @tppkemendes jenjang terbawah #PLD &amp; #PendampingDesa di vaksin sbg garda terdepan dlm fasilitasi penanganan #COVID19 &amp; #PPKMMikro 
 @halimiskandarnu 
 @taufikmadjid71 
 @yusradaridesa";positif
"@restulungagung Himbauan Tokoh Agama tentang PPKM Mikro dan Prokes 5M kepada Masyarakat.
 . 
 #ppkmmikro
 #protokolkesehatan
 #polrestulungagung
 #guyubrukun
 #akbphandonosubiakto01";positif
"Himbauan Tokoh Agama tentang PPKM Mikro dan Prokes 5M kepada Masyarakat.
 . 
 #ppkmmikro
 #protokolkesehatan
 #polrestulungagung
 #guyubrukun
 #akbphandonosubiakto01 https://t.co/VubdxcT45f";positif
"RINDU event tnp maskeran...
 
 Semoga pandemi segera berakhir...
 
 #ppkmmikro https://t.co/MsLFWxZyYL";positif
"RT @RakyatMerdeka99: Top News Koran Rakyat Merdeka
 
 PPKM Mikro Terkendala Dana Desa
 Catat Ya... Anggaran Posko Covid Desa Minimal 8 Persen
 
 #PPKM #PPKMMikro #DanaDesa #SatgasCovid19 #Corona #coronavirus #COVID19 #Nasional #Covid_19 #COVID #RakyatMerdeka #RMid
 
 https://t.co/8wS8tFqakQ";positif
"kata Airlangga Hartarto dalam konferensi pers secara virtual, Senin (8/3/2021).
 
 Makanya kita harus pinter-pinter jaga diri dan kesehatan ya!
 
 Berita selengkapnya:
 https://t.co/E1L3YaSgUF
 
 #PPKM #PPKMmikro #PSBB #pembatasan #covid19";positif
"RT @salatiga_info: Banyak Yang Tertib Protokol Hingga Kasus Melandai, Walikota Salatiga Klaim PPKM Mikro Salatiga Berhasil. Geser Kiri. 
 . 
 . 
 #infosalatiga #salatiga #ppkmmikro https://t.co/sWo11xYcPi";positif
"Mari tetap terapkan protokol kesehatan pencegahan Covid-19 demi kebaikan bersama.
 
 Sumber : @humas_jogja 
 
 #PPKMMikro
 #PTKM
 #JogjaIstimewa
 #InstruksiGubernur
 #KominfoDIY";positif
"#ppkmmikro
 #InfoKPCPEN
 #RedamLajuCovid 
 
 Pelaksanaan PPKM ke-I dan II (periode 25 Januari sampai 8 Maret 2021) berhasil meredam laju penambahan kasus aktif Covid-19 pada level nasional
 
 https://t.co/1eyw9RBT7Y";positif
"Top News Koran Rakyat Merdeka
 
 PPKM Mikro Terkendala Dana Desa
 Catat Ya... Anggaran Posko Covid Desa Minimal 8 Persen
 
 #PPKM #PPKMMikro #DanaDesa #SatgasCovid19 #Corona #coronavirus #COVID19 #Nasional #Covid_19 #COVID #RakyatMerdeka #RMid
 
 https://t.co/8wS8tFqakQ";positif
"RT @arjuna16sp: @PmdPuspen Semoga #GusMenteri juga mengusulkan kepada Bapak Presiden @jokowi agar @tppkemendes jenjang terbawah #PLD &amp; #PendampingDesa di vaksin sbg garda terdepan dlm fasilitasi penanganan #COVID19 &amp; #PPKMMikro 
 @halimiskandarnu 
 @taufikmadjid71 
 @yusradaridesa";positif
"@PmdPuspen Semoga #GusMenteri juga mengusulkan kepada Bapak Presiden @jokowi agar @tppkemendes jenjang terbawah #PLD &amp; #PendampingDesa di vaksin sbg garda terdepan dlm fasilitasi penanganan #COVID19 &amp; #PPKMMikro 
 @halimiskandarnu 
 @taufikmadjid71 
 @yusradaridesa";positif
PPKM Mikro Turunkan Kasus COVID-19, Satgas: Kalau Ragu Silakan Amati Sampai Akhir #PPKMMikro #VirusCorona https://t.co/adeuhLcQR1;positif
"Bhabinkamtibmas Polsek Sumbang desa karangcegak Aipda Tri w melaksanakan sambang/DDS ke Tokoh Agama?? desa karangcegak dan memberikan himbauan tentang protokol kesehatan.
 #Jatenglawancorona 
 #Ikutiaturancegahcorona 
 #ppkmmikro
 #Amandirumah 
 #Dirumahaja 
 #Adaptasikebiasaambaru https://t.co/j0KK98ov55";positif
"PPKM Mikro Genjot Masyarakat Patuhi Protokol Kesehatan
 
 #ppkmmikro #SatgasCovid19 #pakaimasker #jagajarak #cucitangan #Corona #coronavirus #COVID19 #COVID?œ’??¬19 #GovernmentAction #Covid_19 #COVID #RakyatMerdeka #RMid 
  https://t.co/0QQ0Ok9suf";positif
"pencegahan penularan Covid-19 harus dilaksanakan dr lingkungan terkecil.
 Realisasikan posko tanggap corona di setiap desa/kelurahan.
 
 #LawanCovid19 
 #PPKMMikro
 #1JutaVaksinasiAman https://t.co/Cq5sS0n0KJ";positif
"Ketua Satgas Penanganan Covid-19, Doni Monardo mengatakan kematian dokter karena covid-19 turun drastis karena PPKM mikro.
 
 #PPKM #PPKMMikro
 https://t.co/cbVblonRNa";positif
"RT @HumasPoldaJatim: Imbauan Tokoh Agama Kota Blitar untuk tetap Taat Protokol Kesehatan 5M serta PPKM Mikro untuk mewujudkan Jawa Timur yang Sehat dan Bebas Corona?ø???ÿ?ø?ƒ????ø???¯
 
 #jawatimurbangkit 
 #jatimtaatprokes5m 
 #ppkmmikro https://t.co/0s5iw57xFH";positif
"Patuhi protokol kesehatan untuk mewujudkan Blitar bebas covid-19
 #divisihumaspolri
 #patuhiprokes
 #AyoJogoBlitar
 #bebasCovid19
 #PPKMMikro https://t.co/kMR090bEYR";positif
 Himbauan Tokoh agama untuk tetap mematuhi protokol kesehatan dan PPKM mikro demi terwujudnya masyarakat yang bebas covid-19;positif
"Monitor Posko PPKM mikro disetiap Kalurahan maupun Kelurahan. Semoga pandemi inj segera berakhir ?ø?ƒ?›?.
 #lawancovid19 
 #kulonprogobisabebascovid 
 #kulonprogothejawelofjava 
 #kulonprogo 
 #ppkmmikro 
 #ppkm 
 #ppkmjawabali https://t.co/ltxZN3ht8B";positif
"Himbauan Tokoh agama untuk tetap mematuhi protokol kesehatan dan PPKM mikro demi terwujudnya masyarakat yang bebas covid-19
 
 #patuhprokes
 #PPKMmikro
 #bebasCovid19
 #AyoJogoBlitar https://t.co/j1X6mto7lT";positif
Kami siap laksanakan Instruksi pak;positif
Siap melaksanakan intruksi pak;positif
Siap dukung dan sukseskan;positif
Langkah 3M ini sudah sukses di Bali memutus penyebaran covid pak presiden;positif
Siap amankan seluruh kebijakan kementerian Desa PDTT;positif
Siap utk di sosialisasikan ke setiap TPP yg ada di wilayah kabupaten Boltim;positif
Mendukung kebijakan Gus Menteri dalam upaya pencapaian SDGs Desa 3 yaitu Desa Sehat dan Sejahtera;positif
Mari bersama cegah penyebaran covid-19;positif
Mari kita sukseskan ppkm di masyarakat;positif
Siap kawal dan amankan kebijakan kemendes palaksanaan PPKM untuk kemajuan dan kesejahteraan masyarakat desa;positif
Semoga pak gubernur terus diberikan kekuatan untuk lanjutkan pengabdian bagi masyarakat..... langkah yang tepat akan mendapat pahala dari Allah SWT... bila semua niat karena ibadah.?›ƒ?ª??;positif
Semoga bapak selalu diberi kesehatan amin....salam dari kota reog Ponorogo jawa timur bapak;positif
Semangat selalu;positif
Semoga berhasil...mikro lockdown;positif
patuhi prokes dan terapkan 5M;positif
terimakasih atas layanan vaksin untuk warga lansia yg sangat baik dan profesional semoga layanan profesional tetap jadi standar Pemda DKI amin;positif
Sehat selalu pemimpinku;positif
Semoga selalu diberikan kesehatan dan kesabaran;positif
semoga pandemi segera berakhir. Mau ikut vaksin tapi takut di suntik. he he;positif
Makasih bu, sukses selalu;positif
tetap patuhi prokes , dukung penuh;positif
Bravo buat dokter seluruh dunia khususnya di Indonesia telah berdiri di garda terdepan;positif
Aduh semoga dipercepatlah vaksin masal utk seluruh rakyat itu ya..biar agak kurang was wasnya;positif
Siap komandan;positif
Mari saling mengingatkan dilingkungan kita masing???ý;positif
kami mendukung pemerintah memutuskan rantai covid 19 ditingkat keluarga untuk mendidik dan menasehati anak istri menurut prokes sebagian sop.;positif
Mari saling mengingatkan dilingkungan kita masing???ý;positif
Semoga pandemi cepat hilang,,,,, perekonomian pulih;positif
Moga cepat normal, sampai kapan kita semua seperti ini ya..?? Tetap pada protokol Covid, jaga sehat dan tetap SEMANGAT;positif
"Ingat 5M ( memakai masker, mencuci tangan pakai sabun, menjaga jarak, menjauhi kerumunan dan membatasi mobilitas).""BERSAMA LAWAN COVID-19""";positif
doakan saja supaya sampai bulan maret 2022;positif
Klo memang ada trend positif selama ppkm mikro kita harus bersyukur;positif
Siap, Insya Allah tetap semangat, Pak...Terima kasih ya, Pak;positif
Semoga covid cepat berlalu;positif
Terimakasih dr Restuti Saragih infonya..Aduh..jgn bertambah lagi pasien covid di medan;positif
Terima kasih info.a Bu dokter.Bravo buat dokter seluruh dunia khususnya di Indonesia telah berdiri di garda terdepan;positif
Iya, Kakak...Aamiin YRA...Dan meskipun udah vaksin, wajib tetap prokes;positif
Masha Allah Tabarakallah keren banget dek. Sehat dan sukses selalu sayang;positif
Alhamdulillah...yang penting sehat panjang umur....punya duit banyak ya nggak apa-apa;positif
Alhamdulillah Brunei Darussalam sudah nol covid19,somoga saudara di Indonesia bisa;positif
Maju pak Joko Wi jangan mundur asal mundur kasihan rakyat menangis bosku;positif
Kebijakan yg baik dan efektif gini mestinya didukung, bukan malah dinyinyirin mbak2 dan mas2. Ayo lah dukung keberlanjutan PPKM berskala mikro biar bs tekan kasus baru Covid-19;positif
Mantap pak lanjutkan Sampai 2022;positif
Tetap pada protokol Covid, jaga sehat dan tetap SEMANGAT;positif
Bersama Cegah Covid;positif
Indonesia BEBAS COVID 19 masyarakat SEHAT;positif
Mari kita saling jaga kesehatan masing masing di manapun tempat nya;positif
Sehat-sehat dan tetap semangat;positif
Salut tetep semangat buat kerja keras tuk menolong sesama;positif
Setuju banget pak.. yang penting kita saling menjaga dan saling mengingatkan, jaga kebersihan dan keamanan bersama;positif
Salut tetep semangat buat kerja keras tuk menolong sesama;positif
Patuhi protokol kesehatan untuk mewujudkan Blitar bebas covid-19#divisihumaspolri#patuhiprokes#AyoJogoBlitar#bebasCovid19#PPKMMikro https://t.co/HZw0xfTZ8A;positif
pencegahan penularan Covid-19 harus dilaksanakan dr lingkungan terkecil.Realisasikan posko tanggap corona di setiap desa/kelurahan.#LawanCovid19 #PPKMMikro#1JutaVaksinasiAman https://t.co/wVsTsg4Lsx;positif
PPKM Mikro Efektif Berhasil Menekan Kasus Baru Covid-19#indonesia #COVID19 #ppkmmikro #protokolkesehatan#janganlupakan5m https://t.co/1KIIwqU6cD;positif
#Masker_KU_melindungi_MU#Masker_MU_melindungi_KU Polsek Ngunut melaksanakan Penerapan PPKM MIKRO guna menumbuhkan kesadaran masyarakat tentang ProKes 5M#saluspopulisupremalexesto#polrestulungagung#pidpolsekngunut#ppkmmikro#jatimbermasker#guyubrukun https://t.co/FYvbrbQvVY;positif
Bhabinkambmas Desa Ngasinan Aiptu Bambang ADT bersama Babinsa Serma Lusyono, Bidan Desa dan Perdes Ngasinan mengantarkan warga untuk Swab di Puskesmas Weru Kabupaten Sukoharjo.Jumat, 12/3/21#humas_poldajateng #infopolisisukoharjo#polisisukoharjo#ppkmmikro. https://t.co/vU5ABZbuMH;positif
For your information!PPKM Mikro Efektif Berhasil Menekan Kasus Baru Covid-19#indonesia #COVID19 #ppkmmikro #protokolkesehatan https://t.co/3JTlPo1pWo;positif
Patuhi protokol kesehatan untuk mewujudkan Blitar bebas covid-19#divisihumaspolri#patuhiprokes#AyoJogoBlitar#bebasCovid19#PPKMMikro https://t.co/L8dTHeGOZH;positif
Pam Prokes PPKM Mikro #Madiun Siapkan 14 Titik Pemeriksaan - #MadiunInfo #InformasiMadiun #beritamadiun #MadiunNews #kabarMadiun #peristiwamadiun #ppkmmikro #prokes #operasiyustisi #covid19#sarscov2 #satgas #posko #forkopimda #bupati #kabupatenmadiunhttps://t.co/FliofUyFti https://t.co/3x72ATVmYa;positif
Tim Satgas Covid-19 Desa Ngasinan Kecamatan Bulu melaksanakan Tracking kepada warga masyarakat dalam rangka Penerapan Kebijakan PPKM Mikro untuk Mencegah Penularan Covid 19.Kamis, 11/3/21@yugo_bambang #humas_poldajateng #infopolisisukoharjo#polisisukoharjo#ppkmmikro https://t.co/sTaOCjnHOJ;positif
Klo memang ada trend positif selama ppkm mikro kita harus bersyukur;positif
PPKM Mikro Kota Malang Perpanjangan, Razia Masker Makin Rajin, Perpanjangan PPKM mikro Kota Malang tidak menurunkan semangat aparat. Sebaliknya, petugas gabungan semakin getol menggelar operasi yustisi #PPKMmikro #kotamalanghttps://t.co/2bBwgUhrnG;positif
https://t.co/sLbZJ0n3EW, #Kediri ?›ƒ?ªƒ?? Pemerintah Kabupaten #Kediri resmi memperpanjang kebijakan Pemberlakuan Pengetatan Kegiatan Masyarakat...#BeritaKediri #Covid19 #KabupatenKediri #PpkmMikro #SatgasCovid19KabupatenKedirihttps://t.co/vUyd4NA5R0;positif
Mulai Malam Ini! Ada 35 Jalan di Kota Bandung Ditutup Selama Long Weekend, Ini Daftar Lengkapnya#bandung #ppkmmikro #longweekend https://t.co/wKuwOOpiXF;positif
RT @diskominfo_grob: Perpanjangan Pemberlakuan Pembatasan Kegiatan Masyarakat mulai 9 s/d 22 Maret 2021#ppkmmikro#ppkm2021 #BersatuMelawanCovid19 https://t.co/1bpC6eIBfC;positif
Pemerintah menetapkan beberapa wilayah prioritas penerapan PPKM mikro di tujuh provinsi #Ppkmmikro https://t.co/0YFWkqKHus;positif
Perpanjangan Pemberlakuan Pembatasan Kegiatan Masyarakat mulai 9 s/d 22 Maret 2021#ppkmmikro#ppkm2021 #BersatuMelawanCovid19 https://t.co/1bpC6eIBfC;positif
RT @arjuna16sp: Sebagai Mitra, #PendampingDesa mendampingi Tim Posko Desa Aman Covid19?ø?ƒ???œ?ø?ƒ???¬?ø???ƒ?ª?ø?ƒ?????ø?ƒ???¬ ?ø?ƒ???­?ø?ƒ?????ø?ƒ?????ø?ƒ???¬?ø?ƒ???¨?ø?ƒ???? ?ø?ƒ??ƒ??ø?ƒ???§?ø?ƒ?????ø?ƒ???¯ ?ø?ƒ??ƒ???ø?ƒ???¬?ø???’??ø?ƒ?????ø?ƒ???ñ?ø?????ø???æ ?ø?ƒ???­?ø?ƒ?????ø?ƒ?????ø?ƒ???¬?ø?ƒ???¨?ø?ƒ???? ?ø?ƒ???œ?ø?ƒ???ý?ø?ƒ???§?ø?ƒ?????ø?????ø?ƒ?????ø?ƒ???¯?ø?ƒ???? ?ø?ƒ??ƒ??ø???ƒ?ª?ø?ƒ?????ø?ƒ?????ø???ƒ???ø?ƒ???§ ?ø?????ø???ª?ø?????ø????@halimiskandarnu @taufikmadjid71@yusradaridesa @tppkemendes#?ø?ƒ??’??ø?ƒ??’??ø?????ø?ƒ??ƒ?ª?ø?ƒ??ƒ?ª?ø?ƒ??ƒ???ø?ƒ?????ø?ƒ????ø?ƒ??? https://t.co/cuA4CRHmp;positif
PPKM mikro diperluas hingga luar kota #PPKM #ppkmmikro https://t.co/zsbonITaRl;positif
Sebagai Mitra, #PendampingDesa mendampingi Tim Posko Desa Aman Covid19?ø?ƒ???œ?ø?ƒ???¬?ø???ƒ?ª?ø?ƒ?????ø?ƒ???¬ ?ø?ƒ???­?ø?ƒ?????ø?ƒ?????ø?ƒ???¬?ø?ƒ???¨?ø?ƒ???? ?ø?ƒ??ƒ??ø?ƒ???§?ø?ƒ?????ø?ƒ???¯ ?ø?ƒ??ƒ???ø?ƒ???¬?ø???’??ø?ƒ?????ø?ƒ???ñ?ø?????ø???æ ?ø?ƒ???­?ø?ƒ?????ø?ƒ?????ø?ƒ???¬?ø?ƒ???¨?ø?ƒ???? ?ø?ƒ???œ?ø?ƒ???ý?ø?ƒ???§?ø?ƒ?????ø?????ø?ƒ?????ø?ƒ???¯?ø?ƒ???? ?ø?ƒ??ƒ??ø???ƒ?ª?ø?ƒ?????ø?ƒ?????ø???ƒ???ø?ƒ???§ ?ø?????ø???ª?ø?????ø????@halimiskandarnu @taufikmadjid71@yusradaridesa @tppkemendes#?ø?ƒ??’??ø?ƒ??’??ø?????ø?ƒ??ƒ?ª?ø?ƒ??ƒ?ª?ø?ƒ??ƒ???ø?ƒ?????ø?ƒ????ø?ƒ??? https://t.co/cuA4CRHmpJ;positif
pencegahan penularan Covid-19 harus dilaksanakan dr lingkungan terkecil.Realisasikan posko tanggap corona di setiap desa/kelurahan.#LawanCovid19 #PPKMMikro#1JutaVaksinasiAman https://t.co/iOn35iGQzq;positif
Jam Operasional Usaha Perdagangan Diperpanjang https://t.co/6kt1D3bizb #PPKMMikro #berita #nusabali;positif
#Masker_KU_melindungi_MU#Masker_MU_melindungi_KU PPKM MIKRO dan Pembentukan Posko penanganan Covid_19 mulai tingkat Desa, Kelurahan, RT/RW dalam rangka upaya memutus penyebaran Covid_19#polrestulungagung #pidpolsekngunut #polripresisi #ppkmmikro #guyubrukun https://t.co/WuRldTUZi3;positif
6 Daerah di Sumut Terapkan PPKM Mikro, Termasuk Pematangsiantar dan Simalungun#PPKM #PPKMMikro #Sumut https://t.co/4wvzLJ8p4I;positif
@restulungagung Himbauan Tokoh Agama tentang PPKM Mikro dan Prokes 5M kepada Masyarakat. . #ppkmmikro #protokolkesehatan #polrestulungagung #guyubrukun #akbphandonosubiakto01 https://t.co/mStQaWsIuf;positif
Himbauan Tokoh Agama tentang PPKM Mikro dan Prokes 5M kepada Masyarakat. . #ppkmmikro #protokolkesehatan #polrestulungagung #guyubrukun #akbphandonosubiakto01 https://t.co/pAh0sASP9W;positif
RT @humas_jogja: Berdasarkan Instruksi Gubernur Daerah Istimewa Yogyakarta Nomor: 7/INSTR/2021, diberlakukan perpanjangan PPKM Mikro DIY mulai 9 Maret hingga 22 Maret 2021. #PPKMMikro #PTKM #JogjaIstimewa #InstruksiGubernur https://t.co/saiXMHz1S9;positif
Pemerintah Kembali Perpanjang PPKM Mikro;positif
Gubernur WH: PPKM Mikro Diperpanjang Sampai Covid-19 Terbirit-Birit - https://t.co/4VMTkKm0tR #ppkmmikro #banten @PemprovBanten @DPRDBANTEN https://t.co/6Uawtg6pg0;positif
RT @humas_jogja: Berdasarkan Instruksi Gubernur Daerah Istimewa Yogyakarta Nomor: 7/INSTR/2021, diberlakukan perpanjangan PPKM Mikro DIY mulai 9 Maret hingga 22 Maret 2021. #PPKMMikro #PTKM #JogjaIstimewa #InstruksiGubernur https://t.co/saiXMHz1S9;positif
PPKM Mikro Di Jawa Timur Diperpanjang, Wakapolda Jatim : Masyarakat Harus Tetap Patuhi Prokes | https://t.co/KpsyUtNpIS #poldajatim #ppkm #ppkmmikro #jawatimur #prokes https://t.co/8tqgIC7FsN;positif
Pantau Posko PPKM Mikro di Purwakarta, Begini Kata Kapolda Jabar ?ø?ƒ??ƒ?­ https://t.co/VtTb5FKvEP #jabarnews #beritalokal #beritahiperlokal #harianjabar #jabartoday #beritajabar #beritajawabara #jawabarat #jabar #patauposko #ppkmmikro #purwakarta #kapoldajabar #polisi https://t.co/AxKVvzF18g;positif
Klo memang ada trend positif selama ppkm mikro kita harus bersyukur;positif
PPKM Mikro jadi Fokus Pemkab Bulungan Atasi Covid-19, Syarwani: Pemanfaatan Refocusing Anggaran https://t.co/kwXfqVXSsQ via @Tribun_Kaltara #PPKMMikro #fokus #Pemkab #Bulungan #atasi #Covid19 #Syarwani #Refocusing #Anggaran;positif
RT @humas_jogja: Berdasarkan Instruksi Gubernur Daerah Istimewa Yogyakarta Nomor: 7/INSTR/2021, diberlakukan perpanjangan PPKM Mikro DIY mulai 9 Maret hingga 22 Maret 2021. #PPKMMikro #PTKM #JogjaIstimewa #InstruksiGubernur https://t.co/saiXMHz1S9;positif
Patuhi protokol kesehatan untuk mewujudkan Blitar bebas covid-19 #divisihumaspolri #patuhiprokes #AyoJogoBlitar #bebasCovid19 #PPKMMikro https://t.co/YM3sB4c68t;positif
RT @arjuna16sp: Pemaparan #GusMenteri tentang #PPKMMikro di Desa pada Rakornas PB 2021. @jokowi @halimiskandarnu @imansyukri @malik_haramain @taufikmadjid71 @yusradaridesa @fachrilabalado @SukoyoKasekpro @Brigade01Arwan1 @Erwin3977 https://t.co/z8WArW8DSM;positif
"""Kami memperpanjang pembatasan sosial berskala besar melalui PPKM berbasis mikro,"" uckap Bupati Bogor Ade Yasin di Bogor, Selasa (09/03/2021). #Ppkmmikro #PemkabBogor https://t.co/pxXYICt2H4";positif
RT @riduwandaddu: Sukseskan PPKM Mikro diperpanjang hingga 22 Maret 2021 #ppkmmikro https://t.co/hAMUn5P96h;positif
RT @humas_jogja: Berdasarkan Instruksi Gubernur Daerah Istimewa Yogyakarta Nomor: 7/INSTR/2021, diberlakukan perpanjangan PPKM Mikro DIY mulai 9 Maret hingga 22 Maret 2021. #PPKMMikro #PTKM #JogjaIstimewa #InstruksiGubernur https://t.co/saiXMHz1S9;positif
Ayo mana suar buzzer dan orang dekat dg Jokowi, petinggi negeri ini tentang kerumunan dan melanggar protokol kesehatan yg dilakukan oleh jokowi, ayo mana nyinyirnya;negatif
Bansos Februari blom cair Gimana nih sistemnya;negatif
duit bansos abis bos??!! blm ditransfer juga udah lewat 1 bulan.PEMERINTAH TUKANG BERAK..!!!!!;negatif
Neken terus, klo gak neken mana enak sampe mentok;negatif
Bencana dimana-mana, bansos salah sasaran , masyarakat kecil nggak dapat bantuan, makin murka tuhanku;negatif
Aturan ini lah itu lah. Repot bener. Dia bilang kecewa sm ppkm tapi mobilitas tetap meningkat. Simple sebetulnya. Pake otak yg jernih. Stop atau tutup spbu. Jngn keluarkan atau jual bbm. Sudah. Tamat;negatif
Tinggal bilang PSBB 1 tahun penuh aja gimana? Daripada diberi kepastian g jelas kapan berakhir PSBBnya;negatif
Setahun lalu yg terkena covid19 cuma 3 orang...pake psbb..sekarang jadi 1 juta...piye jal;negatif
Dahulu Jakarta dan sekitarnya mau lockdown .. eh dilarang2 ..Padahal cuman modal 10 triliun buat 2 bulan ..Malah sekarang anggaran covid ratusan triliun ..Dana bansos dikorupsi ..Weleh2;negatif
"D Bali rakyat menangis ppkm bukan solusi pak,malah menambah beban masyarakat terutama pedagang.. ekonomi sulit malah d batasi untuk mencari uang coba mikir dengan jernih lihat fakta d lapangan jngan lihat data palsu,kasian masyarakat selalu d jadikan korban,klw terus seperti ini nanti bnyak yg berontak jngan salahkan masyarkat nya mereka semua sdah capek ngomong baik"" gak pernah d tanggapi";negatif
Masjid juga jangan disekat pakai jaga jarak lagi. Lah ! wong pertunjukan musik dan kebudayaan saja boleh;negatif
Duh...gimana sih, orang pesta perkawinan aja dibubarin, ini kok diizinkan;negatif
Zona hijau kakak..yg merah, oranye,kuning tetep gigit jari.. ahh sudahlah.. capek di bohongi;negatif
Udh babas om kemaren KLB demokrat berjalan lancar walaupun Tanpa izin. Banyak lo pesertanya Dan ada yg bekerumun;negatif
Gimana mau percaya, orang kerumunan dilarang eh malah ada kaisar yang spontanitas mengundang kerumunan Dahlah.?›ƒ?ª?? Politik itu kejam, kekuasaan adalah hal paling keji untuk merusak harkat keadilan;negatif
Ahirnya Adanya Hanya Pembodohan Generasi Bangsa,,, kalau Sekolahan, Tdk Di Buka;negatif
Imbas dr pemerintah yg gagap dlm penanganan awal pandemi;negatif
apa bedanya seberangnya masih bisa dilalui, kebijakan yg absurd dan merugikan banyak pihak terutama pemakai jalan dan warga sekitar yg harus memutar lbh jauh;negatif
Parahnya yg jadi warga pendatang yg bekerja dilapis bawah dengar sdh kesampaian makan bubur supaya berasnya bisa di gunakan berhari hari mau pulang kedaerahnya dk punya ongkos bertahan di Bali tetpakasa;negatif
Yg miskin makin miskin, yg kaya makin semena. Bikin kebijakan setengah dan penyampaian nya kaya edukasi anak paud;negatif
Alangkah baik nya pemangku kepentingan pejabat memikirkan supaya rakyat kecil bisa makan gk resa karena ketakutan gk bisa makan kebijakan yang slalu rakyat mengelu tolong pak pikirkan rakyat;negatif
Sampai PPKM berlanjut terus dan semakin menyusahkan masyarakat sendiri;negatif
Coba aja liat sepanjang jalan dari mampang ke arah pasr minggu .. Trotoar yg di bangun pake uang pajak rakyat yg jumlahnya milyaran .. Hanya jd tmp yg nyaman ..buat .tukang nasi goreng . pecel lele dan parkir liar;negatif
Kerjanya ninjau terus, giliran ada yg bermasalah seperti rumah DP 0% bilangnya gak tau??;negatif
Ko itu ada pengamen ondel2 didiemin, ngamen pake atribut Betawi tuh, dan gaa sedikit byk di lapangan;negatif
Yang melapangkan trotoar demi kenyamanan sepihak tapi pihak lain dibuat tak nyaman;negatif
Pak gubernur ga ada kah ide lain selain pembatasan pembatasan dan pembatasan??? Udh 1 tahun lo ini, katanya dpet uang bantuan dari pusat nyatanya sampe sini yg muncul aturan pembatasan trus;negatif
Hahaha......sakit hati kok bertahun-tahun yak....hahaha.... awas setruk.....haha;negatif
Pak Anies, yg miskin yg pnghasilannya UMP apa yg 14jt? Janjinya dulu yg miskin bisa punya rmh. Kok yg UMP yg miskin ttep ngontrak? Tapi anda msih boleh bangga. Tuh wkt bpk antusias boongin warga miskin, Bpk masih mndpt Applaus hebih dr jkt58;negatif
Saya mohon dengan hormat bapak petugah yang sangat bijaksana ,,,, tolong pabrik garmen itu banyak kerumunan di tutup to pak jangan pilih,, itu orang dari mana,, kumpul jadi satu kok di biarkan ,,,,, jangan yang kecil,, kasihan pak trimakasih;negatif
Lanjutkan pak sampai rakyatmu mati kelaparan;negatif
SIAPA YANG PALING BERWENANG DGN MASALAH PEMBODOHAN INI TOLONG JELASKAN BAGI YG MENGERTI;negatif
Mereka bilang covid itu konspirasi pemerintah. Mereka ga pake masker katanya aturan Allah aja ga diikutin, ngapain ikutin aturan pemerintah;negatif
Sudah satu tahun muter2 dengan covid hasilnya bertambah saja berarti covid tidak perlu ditakuti klu sakit berobat sama dokter,tetap patuhi porkes,kegitan masyarakat tetap dibuka seluas2nya;negatif
Yg terjadi sekarang itu kejangkitan massal bukan kematian massal.. bkn seperti yg di gembar gemborkan seperti di China orang tiba ambruk dan mati di jalanan;negatif
Namanya ppkm mikro, mikro : kecil. Berarti yg kena sasaran rakyat kecil;negatif
Jualan dibatasi sampai jam 9 malam.Kenapa garment kalau lembur sampai tengah malam tetep boleh????padahal berkurumun;negatif
pemerintah terlalu berlebihan dalam menangani covid. beritanya lebih berbahaya dan kejam dari virusnya;negatif
Aku lihat di lapangan protokol kesehatan kira patuh cuma 75 persen masih banyak yg abaikan protokol kesehatan;negatif
Kalau garmen di buka tolong anak,, kita yang sekolah di masukan lagi kasihan generasi penerus bangsa lo pak anak,, kita itu;negatif
Kerjanya emang malam kok di razia, dasar koplak sudah gak punya hati nurani;negatif
Ini udah diganti berapa kali dari mulai psbb, pkpm trus sekarang ganti lagi ppkm mikro trus dari ke 2 hasilnya apa malah bikin rakyat menderita aja boro turun angka positif yg ada malah meningkat;negatif
ujung-ujungnya dana bansos diberitakan dikorupsi bahkan dirancang sejak awal pandemi;negatif
Terlalu di besar-besarkan, pandemi covid-19 ini?›ƒ?ª?? Tidak mikir, orang yang penghasilannya dapat hari ini, untuk di makan besok;negatif
Setiap yg sakit.di bilang corona .fimana ga banyak yg d bilang kena.. Pengalaman sendiri;negatif
benar banget tuh.?›ƒ?ª?? pemerintah jadikan covid ladang usaha.... yng bikin rakyat kecil mati kelaparan;negatif
Sudah tau gagal, malah diterusin :) mau marah tp takut diserang pendukungnya, pasrah aja udah;negatif
Kasihan masyarakat kecil pak, mareka susah buat makan saja masih sangat bingung, kerjaan nggak ada, semua tutup, kemana mana serba dibatasi, diam dirumah,...terus kami makan apa bapak Presiden;negatif
Aktivitas masyarakat jangan lah di batasi ....yg kena covid saja di kurung ....biar ekonomi tumbuh kembali berikan kebijakan yg bijaksana biar masyarakat tidak kelaparan Hilangkan ppkm tu;negatif
Semakin ppkm semakin meningkat angka covid, berarti nggak ada guna ni ppkm;negatif
RT @jpnncom: Tiga provinsi yang tak menjalankan kebijakan PPKM dan PPKM skala mikro menunjukan peningkatan kasus aktif Covid-19. #Ppkmmikro https://t.co/sOhi56lRZA;negatif
Tiga provinsi yang tak menjalankan kebijakan PPKM dan PPKM skala mikro menunjukan peningkatan kasus aktif Covid-19. #Ppkmmikro https://t.co/sOhi56lRZA;negatif
Jam Tutup Usaha Dilonggarkan Jadi Pukul 22.00 Wita https://t.co/HwFdBrSvVI #berita #nusabali #JamMalam #PPKMMikro #pandemi;negatif
RT @IndonesiaBaikId: Hai SohIB! Kebijakan #PPKMMikro akan diperpanjang lho. Cakupannya pun akan diperluas. Mengapa?#IndonesiaBaik #YangMudaSukaData #DailyIssue #Infografis #PPKM #PSBB #COVID19 #KominfoNewsroom @BNPB_Indonesia https://t.co/110aezdisX;negatif
Begini Pesta Ultah Pedangdut Lara Silvi yang Digelar tanpa Pakai Masker dan Berkerumun#protokolkesehatan #melanggarprokes #wajibmasker #tanpamasker #kerumunan #ppkm #ppkmmikro #cafedefins #larasilvi #dangdut #psbb #viruscorona #viruscovid19 #covid19 #coronahttps://t.co/UqwLrJu8oN;negatif
Rembang, https://t.co/F73HKt1Ygv ?›ƒ?ªƒ?? Pemerintah Kabupaten Rembang memberikan izin kepada pelaku wisata untuk beroperasi selama empat hari dalam satu minggu di masa pemberlakuan pembatasankegiatan masyarakat (PPKM) skala mikro. #KabupatenRembang #ppkmmikrohttps://t.co/9NvWMcXO3m https://t.co/YM2qsgyyzz;negatif
Restoran-Mall Bisa Buka hingga Pukul 22.00 Wita https://t.co/UdYIp6OBdu #PPKMMikro #berita #nusabali #pandemi #COVID19 #JamMalam;negatif
Hahaha......sakit hati kok bertahun-tahun yak....hahaha.... awas setruk.....haha;negatif
Masih banyak aja orang2 yang berkeliaran #tanpamasker... Wajar kalau #personilmedis sampai #mogokkerja... #INDONESIATERSERAH;negatif
Hahaha......sakit hati kok bertahun-tahun yak....hahaha.... awas setruk.....haha;negatif
"Dia sering muncul di media dalam berbagai kegiatan kenegaraan #tanpamasker. Mengapa tak pakai masker, Pak? ""Pilihan pribadi"". Tak ada sangsi, tak ada denda. Siapa sih bapak itu? Dia presiden! Hari ini ada liputan yang memberitakan bahwa ini kali pertama Trump mengenakan masker.";negatif
Ribuan warga demonstrasi menolak kebijakan lockdown dan protokol kesehatan termasuk menentang pemakaian masker. #TanpaMasker;negatif
Langgar Aturan, Tasyakuran Kelahiran Anak Dibubarkan. #wartajateng #langgarppkm #langgarpsbb;negatif
Jualan dibatasi sampai jam 9 malam.Kenapa garment kalau lembur sampai tengah malam tetep boleh????padahal berkurumun;negatif
Kerjanya ninjau terus, giliran ada yg bermasalah seperti rumah DP 0% bilangnya gak tau??;negatif
Kerjanya ninjau terus, giliran ada yg bermasalah seperti rumah DP 0% bilangnya gak tau??;negatif
Kafe RM Langgar PSBB, Bambang Ismadi Sebut Ketiga Kalinya https://fajar.co.id/2021/02/26/kafe-rm-langgar-psbb-bambang-ismadi-sebut-ketiga-kalinya/?›ƒ?ª?? #BambangIsmadi #KafeRM #LanggarPSBB;negatif
Dua kafe di Dago, Kota Bandung disegel tim gugus tugas covid-19 karena melanggar dengan melebihi batas waktu operasional di saat pemberlakuan PSBB untuk memutus mata rantai penularan covid-19. Baca selengkapnya klik https://bit.ly/3cTwaqc #NewsOne #vivanews #LanggarPSBB;negatif
Langgar PSBB, 101 Perusahaan Ditutup Sementara Ahttp://arahkita.com/news/read/22027/langgar_psbb__101_perusahaan_ditutup_sementara?›ƒ?ª?? #BeritaTerkini #BeritaJakarta #Jakarta #PSBB #PSBBJakarta #Perusahaan #LanggarPSBB #Nasional #NewsUpdate #news #Berita #COVID19 #Corona;negatif
Ini Sanksi bagi Pelanggar PSBB DKI Jakarta Menurut Pergub 41/2020 https://arahkita.com/news/read/22453/ini_sanksi_bagi_pelanggar_psbb_dki_jakarta_menurut_pergub_41_2020_?›ƒ?ª?? #BeritaTerkini #BeritaJakarta #Jakarta #PSBB #PSBBJakarta #PelanggarPSBB #Sanksi #Pergub #GubernurDKI #AniesBaswedan #Nasional #NewsUpdate #news #Berita;negatif
Depok Siapkan Sanksi Pidana bagi Pelanggar PSBB https://arahkita.com/news/read/22277/depok_siapkan_sanksi_pidana_bagi_pelanggar_psbb?›ƒ?ª?? #BeritaTerkini #Depok #JawaBarat #PemkotDepok #SanksiPidana #PelanggarPSBB #PSBB #PSBBdepok #COVID19 #CegahCOVID19 #Nasional #NewsUpdate #news #Berita;negatif
"""Obat nganggur adalah berkumpul dan mengobrol, setelah dari itu......nganggur lagi"" #PelanggarPSBB #astagfiraullah #pemudabiasaaja";negatif
Bagi masyarakat melanggar PSBB di Jakarta akan dimasukan ke dalam peti jenazah. #PelanggarPSBB;negatif
"susah emang kalo pas kecil kerjaannya ngomong ""peraturan tuh dibikin buat dilanggar...*sambil petantang-petenteng cengar-cengir merasa paling kece* "" #pelanggarpsbb #prihatin";negatif
Tempat hiburan karaoke dan bar milik Ahmad Dhani di kawasan Mangga Besar tepergok melakukan pelanggaran PSBB. #karaokemasterpiece;negatif
Warga Masih Cuek Tak Pakai Masker, Polisi Gencarkan Patroli di Pasar #IniKebumen #WargaCuek #TanpaMasker #COVID19;negatif
BACOT!!! Tolak PSBB!! Tolak PPKM!!. Tolak Lockdown!! Kagak ngaruh ya pantek!;negatif
PKL Hingga Pedagang Kecil di Malioboro Kompak Tolak PPKM Diperpanjang;negatif
"Yang punya warung makan ngomong ke Pol PePe: ""Kalian enak dapat gaji, kami dapat apa? "" Tolak PPKM dan PSBB, orang yang nurut dari PSBB awal sudah lelah.";negatif
Tanpa Kompensasi Dan Solusi, Pelaku Usaha Di Jateng Tolak Perpanjangan PPKM;negatif
PHRI Demak Tolak Perpanjangan?? PPKM;negatif
Ganjar Pranowo Soroti Keinginan Bupati Karanganyar Tolak Perpanjangan PPKM Jilid II;negatif
Tolak Kebijakan Pusat, Kota Surabaya Minta Dikecualikan dari PPKM;negatif
Drpd diketatkan, baiknya dihentikan PPKM. Blm prnah ada PPKM/PSBB memiliki dampak trhadap kasus. Tp lindungi nakes. Tolak pasien yg abai 5M. RS hanya menerima mrk yg patuh 5M;negatif
Gara gara PPKM, weekendku suram.! Weekend hanya goleran saja. Dah bingung mau nonton apa lagi. Dah bosen di rumah.!;negatif
Gajian tetep penuh, ga kepotong gara-gara omset sepi mergo PPKM Mikro kontolamoh;negatif
gara gara ppkm, nyari comfort food jam segini emang susah, pada tutup semua;negatif
Akhirnya pegang hp setelah 2 hari ga pegang gara gara ppkm menyiksa;negatif
Aiihh gara gara ppkm aku buang penawaran2 baik untuk besok *padahal kan hrs nya bsk jd hari menyenangkan;negatif
gara gara ppkm atau apalah w belom keluar rumah yang bener2 pergi hangout samsek padahal kan aku sudah mencapai semua goalsku;negatif
Ini gara gara ppkm tutup jam 7 dibekasi jdi ngamuk? Hahaha;negatif
PPKM tidak efektif. Tidak EFEKTIF. Tau ga kita dirumahkan lagi gara-gara PPKM? Dan ternyata PPKM TIDAK EFEKTIF. Implementasi tidak sesuai dengan harapan, angka covid tetep naik. Ya Allah, dipikir nafkah orang nih mainan apa ya?;negatif
Besok kemana ? Niat pengen main udah cerah, cuma tujuannya masih gelap -_- Gara-gara PSBB, PPKM, terus ada PPKM mikro. nanti ubah lagi jadi PPKM mikro revisi, PPKM mikro fiks ya Allah;negatif
2 Pekan PPKM Kota Bandung, Kasus Covid-19 Masih Naik;negatif
tolonglah pejabat2 pembuat keputusan PPKM di baca ini komentar dari rekan2 disini, ga efektif sama sekali, mending sudahi saja biarkan normal;negatif
Gubernur Jawa Tengah Ganjar Pranowo menanggapi kabar yang menyebut ada denda tilang untuk masyarakat tanpa denda masker. #TanpaMasker;negatif
Masih banyak aja orang2 yang berkeliaran #tanpamasker... Wajar kalau #personilmedis sampai #mogokkerja... #INDONESIATERSERAH;negatif
RT @jpnncom: Tiga provinsi yang tak menjalankan kebijakan PPKM dan PPKM skala mikro menunjukan peningkatan kasus aktif Covid-19. #Ppkmmikro https://t.co/sOhi56lRZA;negatif
benar banget tuh.?›ƒ?ª?? pemerintah jadikan covid ladang usaha.... yng bikin rakyat kecil mati kelaparan;negatif
Aiihh gara gara ppkm aku buang penawaran2 baik untuk besok *padahal kan hrs nya bsk jd hari menyenangkan;negatif
 ShopeeID Bismillahirrahmanirrahim semoga hadiah PPKM dari @ShopeeID bisa kasih hadiah buat adek yg belajar online.\xe2\x80\xa6 https://t.co/RYnHCDFg98';positif
 teguhhurahura Ppkm diperpanjang sampai rakyatnya ruwet mikirim hidup';negatif
RT @QaillaAsyiqah: Aksi Tolak PPKM dari Mahasiswa BEM se-Kota Ambon di depan Kantor Walikota Ambon..  (27/Juli/2021) https://t.co/u5hZqkd9Oz';negatif
gausa makan deh biar mati aja males bngt njemz ppkm resto tutup gada makanan dirumah';negatif
Di liat liat ppkm sama pssb gda bedanya efeknya sama sama menakutkan, yang jualan sate di tusuk.';negatif
 SOOJINYlE ppkm, pelan pelan ku mninggal..';negatif
RT @eT3k3WeR_: PPKM diperpanjang, tapi kemarin ada yg kecewa krna ada pejabatnya yg Halan2 ke Luar Negeri, bener apa ngga sih Ntu?? \xf0\x9f\x99\x84 #PPKM\xe2\x80\xa6';negatif
 benbeen_ Tentu tidak boleh, ppkm';negatif
RT @ChusnulCh__: Kasus kovid naik, Jokowi yg disalahkan. Jokowi terapkan PPKM, Jokowi dimusuhi bahkan mau dilengserkan. Kasus kovid turun,\xe2\x80\xa6';negatif
RT @BudiKropos: Serba salah.... PPKM pertaruhan Pemerintah dengan segala resiko agar utamakan kesehatan dan keselamatan rakyat, sisi lain r\xe2\x80\xa6';negatif
"ppkm berhasil mengurangi penyebaran, namun gagal jika untuk bertahan hidup karena pada umumnya ""berdagang untuk makan""'";negatif
RT @me_zhu__Yusra: Diberlakukan PPKM alasannya jadi gak bisa cari nafkah, giliran udah bisa cari nafkah eh di provokasi suruh mogok kerja.\xe2\x80\xa6';negatif
PPKM : protokol pertahankan kekuasan mutlak,, https://t.co/18zGcK0I0s';negatif
RT @apahabarcom: Bukan ratusan, melainkan ribuan warga yang kehilangan pekerjaan dampak dari pemberlakuan PPKM level IV di Banjarmasin.   h\xe2\x80\xa6';negatif
